REVIEW ARTIFACT - NOT AN EQUIVALENCE MAPPING. No mapping has been created or applied. Buckets are mixed; conflicting evidence is retained deliberately; the v1 CSV's multi-candidate detail still stands. Do not consume as a lookup table.
new_bucket,prior_bucket,changed,in_scope_for_this_task,new_course_id,new_course_name,valid_rows,first_valid_semester,candidate_1_course_id,candidate_1_name,new_evidence,new_reason,predecessor_last_active_semester_2025,predecessor_never_reached_activity_floor,predecessor_silent_semesters_after,predecessor_taper_confirmed,predecessor_taper_post_debut,predecessor_taper_pre_debut,predecessor_active_through_2025,predecessor_rows_2021,predecessor_rows_2024,predecessor_persistence_ratio,new_course_rows_2024,new_course_last_active_semester,new_course_short_lived,human_decision_required
likely_equivalent_needs_review,likely_equivalent_needs_review,False,True,1423.111,اللغة الإنكليزية – 1,979,20231,830.111,اللغة الانكليزية - 1,predecessor already fully tapered before the new course's debut (last active 20171); the extra years confirm no rebound but add no new evidence,name similarity 1.00 with degree-lineage link; unmet for confirmation: ambiguous: a second candidate carries equal evidence,20171,False,25,True,False,True,False,1,0,0.0,1005,20252,False,yes
likely_equivalent_needs_review,likely_equivalent_needs_review,False,True,1175.111,التحليل الرياضي1,917,20221,502.111,التحليل الرياضي 1,"taper confirmed: predecessor last active 20232 (after the new course's debut), then near-zero for 6 consecutive semesters through 20252",name similarity 1.00 with degree-lineage link; unmet for confirmation: credits,20232,False,6,True,True,False,False,360,6,0.0167,281,20251,False,yes
confirmed_equivalent,confirmed_equivalent,False,False,1172.111,الرياضيات المتقطعة,876,20221,431.111,الرياضيات المتقطعة,carried over unchanged - outside this task's scope,"exact normalized name, equal credits (3.0) and requirement type, degree-lineage link, and predecessor enrolment collapsed to 4% of its final TRAIN year",,,,,,,,,,,308,20251,False,yes
unresolved,unresolved,False,True,1421.111,مهارات اللغة العربية,854,20231,955.111,اللغة العربية,"predecessor still running through 2025 at reduced volume (last active 20252, 2024/2021 ratio 0.0933) - no confirmed taper",plausible but insufficient: name only 0.79 similar; predecessor still enrolling through 2025 - no taper,20252,False,0,False,False,False,False,1757,164,0.0933,995,20252,False,yes
likely_equivalent_needs_review,likely_equivalent_needs_review,False,True,1171.111,مدخل إلى الخوارزميات والبرمجة,834,20221,513.111,مقدمة في الخوارزميات والبرمجة,"taper confirmed: predecessor last active 20232 (after the new course's debut), then near-zero for 6 consecutive semesters through 20252",name similarity 0.88 with degree-lineage link; unmet for confirmation: uniqueness/corroboration,20232,False,6,True,True,False,False,421,0,0.0,289,20252,False,yes
confirmed_equivalent,confirmed_equivalent,False,False,1174.111,الفيزياء1,791,20221,501.111,الفيزياء 1,carried over unchanged - outside this task's scope,"exact normalized name, equal credits (3.0) and requirement type, degree-lineage link, and predecessor enrolment collapsed to 4% of its final TRAIN year",,,,,,,,,,,266,20251,False,yes
likely_equivalent_needs_review,likely_equivalent_needs_review,False,True,1180.111,الدارات الكهربائية1,773,20221,427.111,الدارات الكهربائية 1,"taper confirmed: predecessor last active 20222 (after the new course's debut), then near-zero for 9 consecutive semesters through 20252",name similarity 1.00 with degree-lineage link; unmet for confirmation: requirement_type,20222,False,9,True,True,False,False,51,10,0.1961,332,20252,False,yes
likely_equivalent_needs_review,likely_equivalent_needs_review,False,True,1179.111,الفيزياء2,759,20222,457.111,الفيزياء 2,"taper confirmed: predecessor last active 20222 (after the new course's debut), then near-zero for 9 consecutive semesters through 20252",name similarity 1.00 with degree-lineage link; unmet for confirmation: requirement_type,20222,False,9,True,True,False,False,35,3,0.0857,290,20252,False,yes
unresolved,unresolved,False,True,1176.111,البرمجة1,751,20221,519.111,برمجة النظم,"predecessor still active at comparable volume through 2025 (63 rows in 2024 vs 128 in 2021, ratio 0.4922) - evidence AGAINST equivalence: both courses are live",plausible but insufficient: name only 0.75 similar; predecessor still enrolling through 2025 - no taper,20251,False,1,False,False,False,True,128,63,0.4922,341,20251,False,yes
likely_equivalent_needs_review,likely_equivalent_needs_review,False,True,1173.111,الجبر الخطي ونظرية المصفوفات,719,20221,432.111,الجبر الخطي ونظرية المصفوفات,"taper confirmed: predecessor last active 20222 (after the new course's debut), then near-zero for 9 consecutive semesters through 20252",name similarity 1.00 with degree-lineage link; unmet for confirmation: credits,20222,False,9,True,True,False,False,344,2,0.0058,273,20252,False,yes
likely_equivalent_needs_review,likely_equivalent_needs_review,False,True,1177.111,التحليل الرياضي2,688,20221,433.111,التحليل الرياضي 2,"predecessor still running through 2025 at reduced volume (last active 20251, 2024/2021 ratio 0.0674) - no confirmed taper","name similarity 1.00 with degree-lineage link; unmet for confirmation: credits, predecessor did not taper - still enrolling through 2025",20251,False,1,False,False,False,False,356,24,0.0674,355,20251,False,yes
likely_equivalent_needs_review,likely_equivalent_needs_review,False,True,1422.111,مهارات الحاسوب,686,20231,967.111,مهارات الحاسوب,"predecessor still running through 2025 at reduced volume (last active 20252, 2024/2021 ratio 0.0518) - no confirmed taper",name similarity 1.00 with degree-lineage link; unmet for confirmation: predecessor did not taper - still enrolling through 2025,20252,False,0,False,False,False,False,1659,86,0.0518,889,20252,False,yes
likely_equivalent_needs_review,likely_equivalent_needs_review,False,True,1375.111,مبادئ المحاسبة1,656,20221,1.111,مبادئ المحاسبة 1,"taper confirmed: predecessor last active 20232 (after the new course's debut), then near-zero for 6 consecutive semesters through 20252",name similarity 1.00 with degree-lineage link; unmet for confirmation: credits,20232,False,6,True,True,False,False,560,5,0.0089,169,20251,False,yes
likely_equivalent_needs_review,likely_equivalent_needs_review,False,True,1365.111,رياضيات الأعمال,638,20221,118.111,رياضيات الأعمال,"predecessor still running through 2025 at reduced volume (last active 20251, 2024/2021 ratio 0.05) - no confirmed taper",name similarity 1.00 with degree-lineage link; unmet for confirmation: predecessor did not taper - still enrolling through 2025,20251,False,1,False,False,False,False,420,21,0.05,189,20251,False,yes
confirmed_equivalent,likely_equivalent_needs_review,True,True,1332.111,إدارة الموارد البشرية,594,20221,73.111,إدارة الموارد البشرية,"taper confirmed: predecessor last active 20242 (after the new course's debut), then near-zero for 3 consecutive semesters through 20252","exact normalized name, equal credits (3.0) and requirement type, degree-lineage link, and an extended-history taper: predecessor 73.111 last active 20242, near-zero for 3 consecutive semesters through 20252",20242,False,3,True,True,False,False,453,18,0.0397,197,20251,False,yes
likely_equivalent_needs_review,likely_equivalent_needs_review,False,True,1372.111,مبادئ الإدارة,579,20221,70.111,مبادئ الإدارة,"taper confirmed: predecessor last active 20242 (after the new course's debut), then near-zero for 3 consecutive semesters through 20252",name similarity 1.00 with degree-lineage link; unmet for confirmation: credits,20242,False,3,True,True,False,False,401,21,0.0524,163,20251,False,yes
likely_equivalent_needs_review,likely_equivalent_needs_review,False,True,1178.111,الدارات المنطقية,567,20221,434.111,الدارات المنطقية,"taper confirmed: predecessor last active 20231 (after the new course's debut), then near-zero for 7 consecutive semesters through 20252",name similarity 1.00 with degree-lineage link; unmet for confirmation: credits,20231,False,7,True,True,False,False,415,5,0.012,327,20252,False,yes
unresolved,unresolved,False,True,1368.111,قانون الأعمال,531,20221,71.111,البيئة القانونية للأعمال,"predecessor still running through 2025 at reduced volume (last active 20252, 2024/2021 ratio 0.0249) - no confirmed taper",plausible but insufficient: name only 0.71 similar; predecessor still enrolling through 2025 - no taper,20252,False,0,False,False,False,False,361,9,0.0249,220,20252,False,yes
unresolved,unresolved,False,True,1181.111,البرمجة2,517,20221,519.111,برمجة النظم,"predecessor still active at comparable volume through 2025 (63 rows in 2024 vs 128 in 2021, ratio 0.4922) - evidence AGAINST equivalence: both courses are live",plausible but insufficient: name only 0.75 similar; predecessor still enrolling through 2025 - no taper,20251,False,1,False,False,False,True,128,63,0.4922,303,20251,False,yes
likely_equivalent_needs_review,likely_equivalent_needs_review,False,True,1183.111,بنيان الحواسيب1,495,20221,510.111,بنيان الحواسيب,"taper confirmed: predecessor last active 20242 (after the new course's debut), then near-zero for 3 consecutive semesters through 20252",name similarity 0.93 with degree-lineage link; unmet for confirmation: uniqueness/corroboration,20242,False,3,True,True,False,False,343,13,0.0379,302,20252,False,yes
confirmed_equivalent,likely_equivalent_needs_review,True,True,1184.111,الخوارزميات وبنى المعطيات1,486,20221,516.111,الخوارزميات وبنى المعطيات 1,"taper confirmed: predecessor last active 20241 (after the new course's debut), then near-zero for 4 consecutive semesters through 20252","exact normalized name, equal credits (3.0) and requirement type, degree-lineage link, and an extended-history taper: predecessor 516.111 last active 20241, near-zero for 4 consecutive semesters through 20252",20241,False,4,True,True,False,False,308,15,0.0487,314,20252,False,yes
likely_equivalent_needs_review,likely_equivalent_needs_review,False,True,1424.111,اللغة الإنكليزية – 2,471,20232,836.111,اللغة الانكليزية - 2,predecessor already fully tapered before the new course's debut (last active 20192); the extra years confirm no rebound but add no new evidence,name similarity 1.00 with degree-lineage link; unmet for confirmation: ambiguous: a second candidate carries equal evidence,20192,False,18,True,False,True,False,4,0,0.0,701,20252,False,yes
unresolved,unresolved,False,True,1185.111,أساسيات قواعد البيانات,461,20221,517.111,قواعد البيانات 1,"taper confirmed: predecessor last active 20242 (after the new course's debut), then near-zero for 3 consecutive semesters through 20252",plausible but insufficient: name only 0.74 similar,20242,False,3,True,True,False,False,248,40,0.1613,331,20251,False,yes
likely_equivalent_needs_review,likely_equivalent_needs_review,False,True,1189.111,الخوارزميات وبنى المعطيات2,394,20221,522.111,الخوارزميات وبنى المعطيات 2,"predecessor still running through 2025 at reduced volume (last active 20251, 2024/2021 ratio 0.0853) - no confirmed taper","name similarity 1.00 with degree-lineage link; unmet for confirmation: requirement_type, predecessor did not taper - still enrolling through 2025",20251,False,1,False,False,False,False,211,18,0.0853,278,20251,False,yes
unresolved,unresolved,False,True,1374.111,مبادئ التسويق,394,20221,98.111,إدارة التسويق,"predecessor still running through 2025 at reduced volume (last active 20252, 2024/2021 ratio 0.1478) - no confirmed taper",plausible but insufficient: name only 0.77 similar; predecessor still enrolling through 2025 - no taper,20252,False,0,False,False,False,False,230,34,0.1478,169,20252,False,yes
likely_equivalent_needs_review,likely_equivalent_needs_review,False,True,1182.111,الإحصاء والاحتمالات,378,20221,504.111,الإحصاء والاحتمالات,"predecessor still running through 2025 at reduced volume (last active 20252, 2024/2021 ratio 0.1344) - no confirmed taper",name similarity 1.00 with degree-lineage link; unmet for confirmation: predecessor did not taper - still enrolling through 2025,20252,False,0,False,False,False,False,253,34,0.1344,351,20252,False,yes
likely_equivalent_needs_review,likely_equivalent_needs_review,False,True,1282.111,الاقتصاد الجزئي,373,20222,45.111,الاقتصاد الجزئي,"predecessor still running through 2025 at reduced volume (last active 20251, 2024/2021 ratio 0.2441) - no confirmed taper","name similarity 1.00 with degree-lineage link; unmet for confirmation: credits, predecessor did not taper - still enrolling through 2025",20251,False,1,False,False,False,False,213,52,0.2441,216,20252,False,yes
likely_equivalent_needs_review,likely_equivalent_needs_review,False,True,1187.111,نظرية الحوسبة,371,20221,521.111,نظرية الحوسبة,"predecessor still running through 2025 at reduced volume (last active 20251, 2024/2021 ratio 0.1623) - no confirmed taper","name similarity 1.00 with degree-lineage link; unmet for confirmation: requirement_type, predecessor did not taper - still enrolling through 2025",20251,False,1,False,False,False,False,154,25,0.1623,300,20251,False,yes
unresolved,unresolved,False,True,1191.111,تراسل البيانات,355,20221,512.111,تراسل المعطيات,"taper confirmed: predecessor last active 20242 (after the new course's debut), then near-zero for 3 consecutive semesters through 20252",plausible but insufficient: name only 0.79 similar,20242,False,3,True,True,False,False,182,52,0.2857,251,20251,False,yes
unresolved,unresolved,False,True,1188.111,مدخل إلى هندسة البرمجيات,324,20221,532.111,هندسة البرمجيات,"predecessor still active at comparable volume through 2025 (58 rows in 2024 vs 73 in 2021, ratio 0.7945) - evidence AGAINST equivalence: both courses are live",plausible but insufficient: requirement type differs; name only 0.79 similar; predecessor still enrolling through 2025 - no taper,20252,False,0,False,False,False,True,73,58,0.7945,273,20252,False,yes
likely_equivalent_needs_review,likely_equivalent_needs_review,False,True,1195.111,نظرية المعلومات,316,20221,437.111,نظرية المعلومات,"predecessor still running through 2025 at reduced volume (last active 20251, 2024/2021 ratio 0.239) - no confirmed taper",name similarity 1.00 with degree-lineage link; unmet for confirmation: predecessor did not taper - still enrolling through 2025,20251,False,1,False,False,False,False,205,49,0.239,144,20251,False,yes
likely_equivalent_needs_review,likely_equivalent_needs_review,False,True,1429.111,علم البيئة,308,20231,1021.111,علم البيئة,"predecessor still running through 2025 at reduced volume (last active 20252, 2024/2021 ratio 0.1991) - no confirmed taper",name similarity 1.00 with degree-lineage link; unmet for confirmation: predecessor did not taper - still enrolling through 2025,20252,False,0,False,False,False,False,1155,230,0.1991,750,20252,False,yes
likely_equivalent_needs_review,likely_equivalent_needs_review,False,True,1190.111,المعادلات التفاضلية والتحويلات,305,20221,426.111,المعادلات التفاضلية والتحويلات,"taper confirmed: predecessor last active 20231 (after the new course's debut), then near-zero for 7 consecutive semesters through 20252",name similarity 1.00 with degree-lineage link; unmet for confirmation: requirement_type,20231,False,7,True,True,False,False,17,8,0.4706,233,20251,False,yes
likely_equivalent_needs_review,likely_equivalent_needs_review,False,True,1376.111,مبادئ المحاسبة2,292,20222,2.111,مبادئ المحاسبة 2,"predecessor still running through 2025 at reduced volume (last active 20251, 2024/2021 ratio 0.0886) - no confirmed taper","name similarity 1.00 with degree-lineage link; unmet for confirmation: credits, predecessor did not taper - still enrolling through 2025",20251,False,1,False,False,False,False,316,28,0.0886,214,20251,False,yes
unresolved,unresolved,False,True,1186.111,البرمجة3,277,20221,519.111,برمجة النظم,"predecessor still active at comparable volume through 2025 (63 rows in 2024 vs 128 in 2021, ratio 0.4922) - evidence AGAINST equivalence: both courses are live",plausible but insufficient: name only 0.75 similar; predecessor still enrolling through 2025 - no taper,20251,False,1,False,False,False,True,128,63,0.4922,204,20251,False,yes
likely_equivalent_needs_review,likely_equivalent_needs_review,False,True,1192.111,بنيان الحواسيب2,272,20221,510.111,بنيان الحواسيب,"taper confirmed: predecessor last active 20242 (after the new course's debut), then near-zero for 3 consecutive semesters through 20252",name similarity 0.93 with degree-lineage link; unmet for confirmation: uniqueness/corroboration,20242,False,3,True,True,False,False,343,13,0.0379,259,20251,False,yes
unresolved,unresolved,False,True,1309.111,إحصاء الاعمال1,268,20222,120.111,إحصاء الأعمال والاقتصاد,"predecessor still running through 2025 at reduced volume (last active 20252, 2024/2021 ratio 0.0629) - no confirmed taper",plausible but insufficient: name only 0.72 similar; predecessor still enrolling through 2025 - no taper,20252,False,0,False,False,False,False,286,18,0.0629,192,20252,False,yes
likely_equivalent_needs_review,likely_equivalent_needs_review,False,True,1373.111,مبادئ الإدارة المالية,254,20222,44.111,مبادئ الإدارة المالية,"predecessor still running through 2025 at reduced volume (last active 20251, 2024/2021 ratio 0.0898) - no confirmed taper","name similarity 1.00 with degree-lineage link; unmet for confirmation: credits, predecessor did not taper - still enrolling through 2025",20251,False,1,False,False,False,False,423,38,0.0898,220,20252,False,yes
likely_equivalent_needs_review,likely_equivalent_needs_review,False,True,1237.111,نظم قواعد البيانات,237,20221,527.111,قواعد البيانات 2,"predecessor still active at comparable volume through 2025 (57 rows in 2024 vs 102 in 2021, ratio 0.5588) - evidence AGAINST equivalence: both courses are live",name similarity 0.82 with degree-lineage link; unmet for confirmation: predecessor did not taper - still enrolling through 2025,20251,False,1,False,False,False,True,102,57,0.5588,174,20251,False,yes
unresolved,unresolved,False,True,1193.111,نظم التشغيل1,223,20221,528.111,نظم التشغيل,"predecessor still active at comparable volume through 2025 (105 rows in 2024 vs 48 in 2021, ratio 2.1875) - evidence AGAINST equivalence: both courses are live",plausible but insufficient: requirement type differs; name only 0.92 similar; predecessor still enrolling through 2025 - no taper,20251,False,1,False,False,False,True,48,105,2.1875,273,20251,False,yes
likely_equivalent_needs_review,likely_equivalent_needs_review,False,True,1194.111,مدخل إلى الذكاء الصنعي,213,20221,435.111,مقدمة في الذكاء الصنعي,"predecessor still running through 2025 at reduced volume (last active 20252, 2024/2021 ratio 0.2262) - no confirmed taper",name similarity 0.81 with degree-lineage link; unmet for confirmation: predecessor did not taper - still enrolling through 2025,20252,False,0,False,False,False,False,252,57,0.2262,175,20252,False,yes
likely_equivalent_needs_review,likely_equivalent_needs_review,False,True,1346.111,بحوث العمليات,190,20223,122.111,بحوث العمليات,"predecessor still active at comparable volume through 2025 (59 rows in 2024 vs 100 in 2021, ratio 0.59) - evidence AGAINST equivalence: both courses are live","name similarity 1.00 with degree-lineage link; unmet for confirmation: requirement_type, predecessor did not taper - still enrolling through 2025",20251,False,1,False,False,False,True,100,59,0.59,159,20251,False,yes
confirmed_equivalent,likely_equivalent_needs_review,True,True,1164.111,التحليل العددي,185,20221,503.111,التحليل العددي,"taper confirmed: predecessor last active 20242 (after the new course's debut), then near-zero for 3 consecutive semesters through 20252","exact normalized name, equal credits (3.0) and requirement type, degree-lineage link, and an extended-history taper: predecessor 503.111 last active 20242, near-zero for 3 consecutive semesters through 20252",20242,False,3,True,True,False,False,341,22,0.0645,164,20251,False,yes
likely_equivalent_needs_review,likely_equivalent_needs_review,False,True,1425.111,مدخل الى القانون,185,20231,1019.111,مدخل الى القانون,"predecessor still running through 2025 at reduced volume (last active 20252, 2024/2021 ratio 0.2984) - no confirmed taper",name similarity 1.00 with degree-lineage link; unmet for confirmation: predecessor did not taper - still enrolling through 2025,20252,False,0,False,False,False,False,801,239,0.2984,518,20252,False,yes
unresolved,unresolved,False,True,1371.111,مبادئ الاقتصاد,168,20221,154.111,مبادئ المحاسبة 1,predecessor already fully tapered before the new course's debut (last active 20141); the extra years confirm no rebound but add no new evidence,plausible but insufficient: requirement type differs; name only 0.60 similar,20141,False,37,True,False,True,False,0,0,,183,20251,False,yes
unresolved,unresolved,False,True,1327.111,إدارة العمليات والإنتاج,161,20222,120.111,إحصاء الأعمال والاقتصاد,"predecessor still running through 2025 at reduced volume (last active 20252, 2024/2021 ratio 0.0629) - no confirmed taper",plausible but insufficient: name only 0.67 similar; predecessor still enrolling through 2025 - no taper,20252,False,0,False,False,False,False,286,18,0.0629,148,20252,False,yes
unresolved,unresolved,False,True,1405.111,مناهج البحث العلمي,153,20232,171.111,منهج البحث العلمي,predecessor already fully tapered before the new course's debut (last active 20142); the extra years confirm no rebound but add no new evidence,plausible but insufficient: credits differ (4.0 -> 3.0); requirement type differs; name only 0.97 similar,20142,False,36,True,False,True,False,0,0,,172,20252,False,yes
likely_equivalent_needs_review,likely_equivalent_needs_review,False,True,1196.111,شبكات الحاسوب,149,20221,466.111,شبكات الحاسوب,"predecessor still active at comparable volume through 2025 (105 rows in 2024 vs 169 in 2021, ratio 0.6213) - evidence AGAINST equivalence: both courses are live","name similarity 1.00 with degree-lineage link; unmet for confirmation: requirement_type, predecessor did not taper - still enrolling through 2025",20251,False,1,False,False,False,True,169,105,0.6213,250,20251,False,yes
likely_equivalent_needs_review,likely_equivalent_needs_review,False,True,1235.111,تصميم المترجمات,140,20221,523.111,تصميم المترجمات,"predecessor still active at comparable volume through 2025 (69 rows in 2024 vs 141 in 2021, ratio 0.4894) - evidence AGAINST equivalence: both courses are live",name similarity 1.00 with degree-lineage link; unmet for confirmation: predecessor did not taper - still enrolling through 2025,20252,False,0,False,False,False,True,141,69,0.4894,185,20252,False,yes
confirmed_equivalent,confirmed_equivalent,False,False,1201.111,الرياضيات الترميمية,122,20221,1036.111,رياضيات ترميمية,carried over unchanged - outside this task's scope,"exact normalized name, equal credits (4.0) and requirement type, degree-lineage link, and predecessor enrolment collapsed to 0% of its final TRAIN year",,,,,,,,,,,41,20242,True,yes
unresolved,unresolved,False,True,1357.111,تقييم المشروعات ودراسات الجدوى الاقتصادية,115,20231,188.111,دراسات الجدوى الاقتصادية,predecessor already fully tapered before the new course's debut (last active 20153); the extra years confirm no rebound but add no new evidence,plausible but insufficient: requirement type differs; name only 0.74 similar,20153,False,31,True,False,True,False,0,0,,132,20251,False,yes
unresolved,unresolved,False,True,1236.111,بنيان البرمجيات,113,20222,532.111,هندسة البرمجيات,"predecessor still active at comparable volume through 2025 (58 rows in 2024 vs 73 in 2021, ratio 0.7945) - evidence AGAINST equivalence: both courses are live",plausible but insufficient: name only 0.73 similar; predecessor still enrolling through 2025 - no taper,20252,False,0,False,False,False,True,73,58,0.7945,85,20251,False,yes
unresolved,unresolved,False,True,1204.111,مدخل إلى تعلم الآلة,112,20221,445.111,مدخل إلى الروبوتية,"predecessor never reached the 5-enrolment activity floor in any semester of the extended file (14 rows in total) - there is no taper to observe, so no corroboration is available",plausible but insufficient: name only 0.65 similar; predecessor still enrolling through 2025 - no taper,,True,66,False,False,False,False,0,1,,115,20251,False,yes
likely_equivalent_needs_review,likely_equivalent_needs_review,False,True,1166.111,إدارة المشاريع,112,20221,505.111,إدارة المشاريع,"predecessor still running through 2025 at reduced volume (last active 20251, 2024/2021 ratio 0.2376) - no confirmed taper",name similarity 1.00 with degree-lineage link; unmet for confirmation: predecessor did not taper - still enrolling through 2025,20251,False,1,False,False,False,False,181,43,0.2376,70,20251,False,yes
likely_equivalent_needs_review,likely_equivalent_needs_review,False,True,1283.111,الاقتصاد الكلي,109,20223,48.111,الاقتصاد الكلي,"predecessor still active at comparable volume through 2025 (92 rows in 2024 vs 176 in 2021, ratio 0.5227) - evidence AGAINST equivalence: both courses are live","name similarity 1.00 with degree-lineage link; unmet for confirmation: credits, predecessor did not taper - still enrolling through 2025",20251,False,1,False,False,False,True,176,92,0.5227,158,20251,False,yes
unresolved,unresolved,False,True,1303.111,المالية العامة,105,20222,182.111,مالية عامة,predecessor already fully tapered before the new course's debut (last active 20152); the extra years confirm no rebound but add no new evidence,plausible but insufficient: credits differ (2.0 -> 3.0); requirement type differs,20152,False,32,True,False,True,False,0,0,,161,20251,False,yes
likely_equivalent_needs_review,likely_equivalent_needs_review,False,True,1385.111,محاسبة شركات أشخاص,104,20223,3.111,محاسبة شركات الاشخاص,"predecessor still running through 2025 at reduced volume (last active 20251, 2024/2021 ratio 0.1231) - no confirmed taper",name similarity 1.00 with degree-lineage link; unmet for confirmation: predecessor did not taper - still enrolling through 2025,20251,False,1,False,False,False,False,130,16,0.1231,32,20251,False,yes
unresolved,unresolved,False,True,1412.111,نظم المعلومات الإدارية,91,20222,545.111,نظم المعلومات الإدارية,"predecessor still active at comparable volume through 2025 (116 rows in 2024 vs 43 in 2021, ratio 2.6977) - evidence AGAINST equivalence: both courses are live",plausible but insufficient: no degree-lineage link to the candidate's degrees; requirement type differs; predecessor still enrolling through 2025 - no taper,20251,False,1,False,False,False,True,43,116,2.6977,184,20251,False,yes
likely_equivalent_needs_review,likely_equivalent_needs_review,False,True,1246.111,قواعد البيانات المتقدمة,90,20221,533.111,قواعد البيانات المتقدمة,"predecessor still active at comparable volume through 2025 (90 rows in 2024 vs 33 in 2021, ratio 2.7273) - evidence AGAINST equivalence: both courses are live","name similarity 1.00 with degree-lineage link; unmet for confirmation: requirement_type, predecessor did not taper - still enrolling through 2025",20252,False,0,False,False,False,True,33,90,2.7273,125,20252,False,yes
likely_equivalent_needs_review,likely_equivalent_needs_review,False,True,1426.111,علم الاجتماع,87,20231,1018.111,علم اجتماع,"predecessor still running through 2025 at reduced volume (last active 20252, 2024/2021 ratio 0.1253) - no confirmed taper",name similarity 1.00 with degree-lineage link; unmet for confirmation: predecessor did not taper - still enrolling through 2025,20252,False,0,False,False,False,False,758,95,0.1253,226,20252,False,yes
unresolved,unresolved,False,True,489.111,الآلات الكهربائية,84,20221,468.111,الاتصالات الضوئية,"taper confirmed: predecessor last active 20242 (after the new course's debut), then near-zero for 3 consecutive semesters through 20252",plausible but insufficient: name only 0.71 similar,20242,False,3,True,True,False,False,46,18,0.3913,10,20241,True,yes
unresolved,unresolved,False,True,1197.111,تطبيقات,84,20222,540.111,تطبيقات إنترنت,"predecessor still active at comparable volume through 2025 (110 rows in 2024 vs 27 in 2021, ratio 4.0741) - evidence AGAINST equivalence: both courses are live",plausible but insufficient: credits differ (3.0 -> 2.0); requirement type differs; name only 0.67 similar; predecessor still enrolling through 2025 - no taper,20251,False,1,False,False,False,True,27,110,4.0741,225,20252,False,yes
unresolved,unresolved,False,True,1203.111,نظرية الألعاب,81,20231,521.111,نظرية الحوسبة,"predecessor still running through 2025 at reduced volume (last active 20251, 2024/2021 ratio 0.1623) - no confirmed taper",plausible but insufficient: name only 0.69 similar; predecessor still enrolling through 2025 - no taper,20251,False,1,False,False,False,False,154,25,0.1623,50,20251,False,yes
unresolved,unresolved,False,True,1163.111,الإنكليزية للمهندسين,76,20222,1080.111,لغة انكليزية لمهندسي البترول,"predecessor still active at comparable volume through 2025 (106 rows in 2024 vs 25 in 2021, ratio 4.24) - evidence AGAINST equivalence: both courses are live",plausible but insufficient: no degree-lineage link to the candidate's degrees; name only 0.73 similar; predecessor still enrolling through 2025 - no taper,20251,False,1,False,False,False,True,25,106,4.24,89,20251,False,yes
genuinely_new,genuinely_new,False,False,1238.111,النظم الموزعة والحوسبة السحابية,63,20222,,,carried over unchanged - outside this task's scope,no TRAIN course reaches the plausibility bar on normalized name similarity in any degree,,,,,,,,,,,196,20251,False,yes
likely_equivalent_needs_review,likely_equivalent_needs_review,False,True,1205.111,معالجة الصور وتحليلها,55,20221,451.111,معالجة الصور وتحليلها,"predecessor still active at comparable volume through 2025 (28 rows in 2024 vs 3 in 2021, ratio 9.3333) - evidence AGAINST equivalence: both courses are live","name similarity 1.00 with degree-lineage link; unmet for confirmation: requirement_type, predecessor did not taper - still enrolling through 2025",20251,False,1,False,False,False,True,3,28,9.3333,85,20251,False,yes
unresolved,unresolved,False,True,1272.111,أمن نظم قواعد البيانات,54,20231,382.111,قواعد البيانات 2,predecessor already fully tapered before the new course's debut (last active 20133); the extra years confirm no rebound but add no new evidence,plausible but insufficient: name only 0.74 similar,20133,False,39,True,False,True,False,0,0,,76,20251,False,yes
unresolved,unresolved,False,True,103.111,تسويق الخدمات,54,20221,507.111,التسويق,predecessor already fully tapered before the new course's debut (last active 20192); the extra years confirm no rebound but add no new evidence,plausible but insufficient: no degree-lineage link to the candidate's degrees; credits differ (2.0 -> 3.0); requirement type differs; name only 0.62 similar,20192,False,18,True,False,True,False,0,0,,26,20252,False,yes
likely_equivalent_needs_review,likely_equivalent_needs_review,False,True,1409.111,نظرية المحاسبة,52,20232,24.111,نظرية المحاسبة,"predecessor still active at comparable volume through 2025 (26 rows in 2024 vs 10 in 2021, ratio 2.6) - evidence AGAINST equivalence: both courses are live","name similarity 1.00 with degree-lineage link; unmet for confirmation: requirement_type, predecessor did not taper - still enrolling through 2025",20251,False,1,False,False,False,True,10,26,2.6,54,20251,False,yes
unresolved,unresolved,False,True,104.111,إدارة النقل,51,20222,81.111,إدارة التغيير,"taper confirmed: predecessor last active 20242 (after the new course's debut), then near-zero for 3 consecutive semesters through 20252",plausible but insufficient: no degree-lineage link to the candidate's degrees; name only 0.67 similar,20242,False,3,True,True,False,False,44,19,0.4318,5,20251,False,yes
unresolved,unresolved,False,True,101.111,إدارة المشتريات والتخزين,50,20221,84.111,إدارة استراتيجية,"predecessor still active at comparable volume through 2025 (40 rows in 2024 vs 60 in 2021, ratio 0.6667) - evidence AGAINST equivalence: both courses are live",plausible but insufficient: no degree-lineage link to the candidate's degrees; name only 0.60 similar; predecessor still enrolling through 2025 - no taper,20252,False,0,False,False,False,True,60,40,0.6667,14,20252,False,yes
unresolved,unresolved,False,True,106.111,إدارة العلاقة مع الزبائن,49,20222,54.111,ادارة عمليات التامين,"taper confirmed: predecessor last active 20242 (after the new course's debut), then near-zero for 3 consecutive semesters through 20252",plausible but insufficient: no degree-lineage link to the candidate's degrees; name only 0.68 similar,20242,False,3,True,True,False,False,0,21,,18,20242,True,yes
unresolved,unresolved,False,True,105.111,ادارة  الترويج والاعلان,48,20222,56.111,ادارة الاستثمار والتمويل,"predecessor still active at comparable volume through 2025 (19 rows in 2024 vs 7 in 2021, ratio 2.7143) - evidence AGAINST equivalence: both courses are live",plausible but insufficient: no degree-lineage link to the candidate's degrees; name only 0.65 similar; predecessor still enrolling through 2025 - no taper,20251,False,1,False,False,False,True,7,19,2.7143,19,20242,True,yes
unresolved,unresolved,False,True,99.111,سلوك المستهلك,46,20221,933.111,السلوك المهني,"predecessor never reached the 5-enrolment activity floor in any semester of the extended file (1 rows in total) - there is no taper to observe, so no corroboration is available",plausible but insufficient: no degree-lineage link to the candidate's degrees; credits differ (2.0 -> 3.0); requirement type differs; name only 0.70 similar; predecessor still enrolling through 2025 - no taper,,True,66,False,False,False,False,0,0,,21,20251,False,yes
unresolved,unresolved,False,True,107.111,تصميم المنتج والتسعير,46,20222,523.111,تصميم المترجمات,"predecessor still active at comparable volume through 2025 (69 rows in 2024 vs 141 in 2021, ratio 0.4894) - evidence AGAINST equivalence: both courses are live",plausible but insufficient: no degree-lineage link to the candidate's degrees; name only 0.72 similar; predecessor still enrolling through 2025 - no taper,20252,False,0,False,False,False,True,141,69,0.4894,6,20251,False,yes
unresolved,unresolved,False,True,1269.111,أساسيات أمن الحواسيب,44,20223,380.111,البيانيات والرسم بمعونة الحاسب,predecessor already fully tapered before the new course's debut (last active 20102); the extra years confirm no rebound but add no new evidence,plausible but insufficient: name only 0.64 similar,20102,False,49,True,False,True,False,0,0,,48,20251,False,yes
unresolved,unresolved,False,True,1239.111,تصميم نظم البرمجيات,41,20231,523.111,تصميم المترجمات,"predecessor still active at comparable volume through 2025 (69 rows in 2024 vs 141 in 2021, ratio 0.4894) - evidence AGAINST equivalence: both courses are live",plausible but insufficient: name only 0.73 similar; predecessor still enrolling through 2025 - no taper,20252,False,0,False,False,False,True,141,69,0.4894,96,20251,False,yes
genuinely_new,genuinely_new,False,False,1428.111,اساسيات الإدارة ومهاراتها,41,20231,,,carried over unchanged - outside this task's scope,no TRAIN course reaches the plausibility bar on normalized name similarity in any degree,,,,,,,,,,,55,20252,False,yes
likely_equivalent_needs_review,likely_equivalent_needs_review,False,True,1217.111,الدارات الإلكترونية1,37,20221,430.111,الدارات الإلكترونية 1,"predecessor still running through 2025 at reduced volume (last active 20251, 2024/2021 ratio 0.1875) - no confirmed taper",name similarity 1.00 with degree-lineage link; unmet for confirmation: predecessor did not taper - still enrolling through 2025,20251,False,1,False,False,False,False,32,6,0.1875,32,20251,False,yes
likely_equivalent_needs_review,likely_equivalent_needs_review,False,True,1249.111,نظم المعلومات الإدارية,32,20231,545.111,نظم المعلومات الإدارية,"predecessor still active at comparable volume through 2025 (116 rows in 2024 vs 43 in 2021, ratio 2.6977) - evidence AGAINST equivalence: both courses are live",name similarity 1.00 with degree-lineage link; unmet for confirmation: predecessor did not taper - still enrolling through 2025,20251,False,1,False,False,False,True,43,116,2.6977,93,20251,False,yes
unresolved,unresolved,False,True,102.111,التسويق المباشر,32,20221,23.111,التدقيق الداخلي,"predecessor still active at comparable volume through 2025 (50 rows in 2024 vs 13 in 2021, ratio 3.8462) - evidence AGAINST equivalence: both courses are live",plausible but insufficient: no degree-lineage link to the candidate's degrees; name only 0.60 similar; predecessor still enrolling through 2025 - no taper,20251,False,1,False,False,False,True,13,50,3.8462,41,20251,False,yes
unresolved,unresolved,False,True,109.111,إدارة التجزئة,32,20231,92.111,إدارة التفاوض,"predecessor still active at comparable volume through 2025 (82 rows in 2024 vs 47 in 2021, ratio 1.7447) - evidence AGAINST equivalence: both courses are live",plausible but insufficient: requirement type differs; name only 0.69 similar; predecessor still enrolling through 2025 - no taper,20251,False,1,False,False,False,True,47,82,1.7447,23,20251,False,yes
unresolved,unresolved,False,True,1241.111,إدارة المشاريع البرمجية,30,20232,418.111,إدارة المشاريع,predecessor already fully tapered before the new course's debut (last active 20131); the extra years confirm no rebound but add no new evidence,plausible but insufficient: credits differ (2.0 -> 3.0); name only 0.77 similar,20131,False,41,True,False,True,False,0,0,,69,20252,False,yes
unresolved,unresolved,False,True,1244.111,إدارة تشكيلة البرمجيات,29,20231,420.111,هندسة البرمجيات  1,predecessor already fully tapered before the new course's debut (last active 20141); the extra years confirm no rebound but add no new evidence,plausible but insufficient: name only 0.62 similar,20141,False,37,True,False,True,False,0,0,,99,20251,False,yes
confirmed_equivalent,likely_equivalent_needs_review,True,True,1216.111,الإشارات والنظم,27,20221,458.111,الإشارات والنظم,"taper confirmed: predecessor last active 20232 (after the new course's debut), then near-zero for 6 consecutive semesters through 20252","exact normalized name, equal credits (3.0) and requirement type, degree-lineage link, and an extended-history taper: predecessor 458.111 last active 20232, near-zero for 6 consecutive semesters through 20252",20232,False,6,True,True,False,False,33,8,0.2424,55,20252,False,yes
unresolved,unresolved,False,True,1427.111,مهارات التفكير والبحث العلمي,26,20231,1016.111,المنطق والتفكير العلمي,"predecessor still active at comparable volume through 2025 (238 rows in 2024 vs 515 in 2021, ratio 0.4621) - evidence AGAINST equivalence: both courses are live",plausible but insufficient: name only 0.64 similar; predecessor still enrolling through 2025 - no taper,20252,False,0,False,False,False,True,515,238,0.4621,240,20252,False,yes
likely_equivalent_needs_review,likely_equivalent_needs_review,False,True,1198.111,مشروع فصلي,25,20231,471.111,مشروع  فصلي,"taper confirmed: predecessor last active 20242 (after the new course's debut), then near-zero for 3 consecutive semesters through 20252",name similarity 1.00 with degree-lineage link; unmet for confirmation: requirement_type,20242,False,3,True,True,False,False,27,15,0.5556,149,20251,False,yes
unresolved,unresolved,False,True,116.111,اتخاذ القرار اللوجستي,25,20231,95.111,اتخاذ القرار وإدارة الأزمات,"predecessor still active at comparable volume through 2025 (66 rows in 2024 vs 41 in 2021, ratio 1.6098) - evidence AGAINST equivalence: both courses are live",plausible but insufficient: no degree-lineage link to the candidate's degrees; name only 0.67 similar; predecessor still enrolling through 2025 - no taper,20243,False,2,False,False,False,True,41,66,1.6098,19,20251,False,yes
unresolved,unresolved,False,True,1324.111,إدارة الجودة,25,20223,72.111,إدارة الجودة,"predecessor still active at comparable volume through 2025 (102 rows in 2024 vs 191 in 2021, ratio 0.534) - evidence AGAINST equivalence: both courses are live",plausible but insufficient: credits differ (2.0 -> 3.0); requirement type differs; predecessor still enrolling through 2025 - no taper,20251,False,1,False,False,False,True,191,102,0.534,20,20242,True,yes
unresolved,unresolved,False,True,108.111,بحوث ونظم المعلومات التسويقية,23,20232,121.111,نظم المعلومات الإدارية 1,"predecessor still active at comparable volume through 2025 (180 rows in 2024 vs 147 in 2021, ratio 1.2245) - evidence AGAINST equivalence: both courses are live",plausible but insufficient: requirement type differs; name only 0.68 similar; predecessor still enrolling through 2025 - no taper,20251,False,1,False,False,False,True,147,180,1.2245,25,20251,False,yes
likely_equivalent_needs_review,likely_equivalent_needs_review,False,True,1165.111,مهارات التواصل,21,20221,439.111,مهارات تواصل,"predecessor still running through 2025 at reduced volume (last active 20251, 2024/2021 ratio 0.0881) - no confirmed taper",name similarity 1.00 with degree-lineage link; unmet for confirmation: predecessor did not taper - still enrolling through 2025,20251,False,1,False,False,False,False,295,26,0.0881,33,20251,False,yes
genuinely_new,genuinely_new,False,False,110.111,قنوات التوزيع,21,20223,,,carried over unchanged - outside this task's scope,no TRAIN course reaches the plausibility bar on normalized name similarity in any degree,,,,,,,,,,,28,20251,False,yes
unresolved,unresolved,False,True,1243.111,اختبار البرمجيات,20,20233,420.111,هندسة البرمجيات  1,predecessor already fully tapered before the new course's debut (last active 20141); the extra years confirm no rebound but add no new evidence,plausible but insufficient: name only 0.61 similar,20141,False,37,True,False,True,False,0,0,,59,20252,False,yes
unresolved,unresolved,False,True,1273.111,أمن الشبكات والأمن السيبراني,20,20231,444.111,المنطق العائم والخوارزميات الوراثية,"taper confirmed: predecessor last active 20241 (after the new course's debut), then near-zero for 4 consecutive semesters through 20252",plausible but insufficient: no degree-lineage link to the candidate's degrees; name only 0.60 similar,20241,False,4,True,True,False,False,0,11,,22,20241,True,yes
unresolved,unresolved,False,True,1240.111,تطوير تطبيقات الويب,18,20221,417.111,برمجة التطبيقات الشبكية,predecessor already fully tapered before the new course's debut (last active 20133); the extra years confirm no rebound but add no new evidence,plausible but insufficient: name only 0.62 similar,20133,False,39,True,False,True,False,0,0,,65,20251,False,yes
likely_equivalent_needs_review,likely_equivalent_needs_review,False,True,1387.111,محاسبة متوسطة1,17,20231,4.111,محاسبة متوسطة I,"predecessor still active at comparable volume through 2025 (44 rows in 2024 vs 24 in 2021, ratio 1.8333) - evidence AGAINST equivalence: both courses are live",name similarity 0.93 with degree-lineage link; unmet for confirmation: predecessor did not taper - still enrolling through 2025,20251,False,1,False,False,False,True,24,44,1.8333,25,20251,False,yes
unresolved,unresolved,False,True,1253.111,الميكانيك النظري,16,20231,837.111,ميكانيك - ديناميك,predecessor already fully tapered before the new course's debut (last active 20191); the extra years confirm no rebound but add no new evidence,plausible but insufficient: name only 0.74 similar,20191,False,19,True,False,True,False,0,0,,60,20251,False,yes
unresolved,unresolved,False,True,114.111,التسويق الالكتروني,15,20232,23.111,التدقيق الداخلي,"predecessor still active at comparable volume through 2025 (50 rows in 2024 vs 13 in 2021, ratio 3.8462) - evidence AGAINST equivalence: both courses are live",plausible but insufficient: no degree-lineage link to the candidate's degrees; name only 0.67 similar; predecessor still enrolling through 2025 - no taper,20251,False,1,False,False,False,True,13,50,3.8462,36,20251,False,yes
likely_equivalent_needs_review,likely_equivalent_needs_review,False,True,1252.111,المتحكمات الصغرية والنظم المضمنة,14,20221,461.111,المتحكمات الصغرية والنظم المضمنة,"taper confirmed: predecessor last active 20241 (after the new course's debut), then near-zero for 4 consecutive semesters through 20252",name similarity 1.00 with degree-lineage link; unmet for confirmation: requirement_type,20241,False,4,True,True,False,False,28,15,0.5357,21,20251,False,yes
likely_equivalent_needs_review,likely_equivalent_needs_review,False,True,1255.111,مدخل إلى الروبوتية,14,20222,445.111,مدخل إلى الروبوتية,"predecessor never reached the 5-enrolment activity floor in any semester of the extended file (14 rows in total) - there is no taper to observe, so no corroboration is available",name similarity 1.00 with degree-lineage link; unmet for confirmation: predecessor never reached the activity floor - no taper to observe,,True,66,False,False,False,False,0,1,,44,20252,False,yes
unresolved,unresolved,False,True,1170.111,نماذج نضج البرمجيات,14,20233,421.111,هندسة البرمجيات 2,predecessor already fully tapered before the new course's debut (last active 20151); the extra years confirm no rebound but add no new evidence,plausible but insufficient: name only 0.61 similar,20151,False,33,True,False,True,False,0,0,,20,20251,False,yes
unresolved,unresolved,False,True,111.111,التسويق الدولي,14,20223,16.111,المحاسبة الدولية,"predecessor still active at comparable volume through 2025 (66 rows in 2024 vs 12 in 2021, ratio 5.5) - evidence AGAINST equivalence: both courses are live",plausible but insufficient: no degree-lineage link to the candidate's degrees; name only 0.67 similar; predecessor still enrolling through 2025 - no taper,20252,False,0,False,False,False,True,12,66,5.5,38,20251,False,yes
unresolved,unresolved,False,True,1380.111,محاسبة تكاليف1,14,20231,7.111,محاسبة إدارية,"predecessor still active at comparable volume through 2025 (44 rows in 2024 vs 22 in 2021, ratio 2.0) - evidence AGAINST equivalence: both courses are live",plausible but insufficient: name only 0.64 similar; predecessor still enrolling through 2025 - no taper,20252,False,0,False,False,False,True,22,44,2.0,20,20251,False,yes
likely_equivalent_needs_review,likely_equivalent_needs_review,False,True,1271.111,برمجة التطبيقات الشبكية,13,20231,544.111,برمجة التطبيقات الشبكية,"predecessor still active at comparable volume through 2025 (87 rows in 2024 vs 91 in 2021, ratio 0.956) - evidence AGAINST equivalence: both courses are live","name similarity 1.00 with degree-lineage link; unmet for confirmation: requirement_type, predecessor did not taper - still enrolling through 2025",20251,False,1,False,False,False,True,91,87,0.956,31,20251,False,yes
unresolved,unresolved,False,True,1207.111,الذكاء الصنعي المتقدم,12,20221,202.111,احصاء متقدم,predecessor already fully tapered before the new course's debut (last active 20161); the extra years confirm no rebound but add no new evidence,plausible but insufficient: no degree-lineage link to the candidate's degrees; name only 0.67 similar,20161,False,29,True,False,True,False,2,0,0.0,54,20251,False,yes
likely_equivalent_needs_review,likely_equivalent_needs_review,False,True,1212.111,معالجة اللغات الطبيعية,12,20232,448.111,معالجة اللغات الطبيعية,"predecessor never reached the 5-enrolment activity floor in any semester of the extended file (12 rows in total) - there is no taper to observe, so no corroboration is available","name similarity 1.00 with degree-lineage link; unmet for confirmation: requirement_type, predecessor never reached the activity floor - no taper to observe",,True,66,False,False,False,False,0,6,,44,20252,False,yes
unresolved,unresolved,False,True,1267.111,بروتوكولات الشبكات الحاسوبية,11,20221,379.111,الشبكات الحاسوبية,predecessor already fully tapered before the new course's debut (last active 20142); the extra years confirm no rebound but add no new evidence,plausible but insufficient: no degree-lineage link to the candidate's degrees; name only 0.76 similar,20142,False,36,True,False,True,False,0,0,,40,20251,False,yes
unresolved,unresolved,False,True,1242.111,تطوير تطبيقات الموبايل,11,20232,417.111,برمجة التطبيقات الشبكية,predecessor already fully tapered before the new course's debut (last active 20133); the extra years confirm no rebound but add no new evidence,plausible but insufficient: name only 0.62 similar,20133,False,39,True,False,True,False,0,0,,70,20251,False,yes
unresolved,unresolved,False,True,115.111,التسويق الاستراتيجي,11,20231,84.111,إدارة استراتيجية,"predecessor still active at comparable volume through 2025 (40 rows in 2024 vs 60 in 2021, ratio 0.6667) - evidence AGAINST equivalence: both courses are live",plausible but insufficient: no degree-lineage link to the candidate's degrees; name only 0.65 similar; predecessor still enrolling through 2025 - no taper,20252,False,0,False,False,False,True,60,40,0.6667,31,20251,False,yes
unresolved,unresolved,False,True,1206.111,النمذجة العددية,11,20232,16.111,المحاسبة الدولية,"predecessor still active at comparable volume through 2025 (66 rows in 2024 vs 12 in 2021, ratio 5.5) - evidence AGAINST equivalence: both courses are live",plausible but insufficient: no degree-lineage link to the candidate's degrees; name only 0.65 similar; predecessor still enrolling through 2025 - no taper,20252,False,0,False,False,False,True,12,66,5.5,26,20251,False,yes
likely_equivalent_needs_review,likely_equivalent_needs_review,False,True,1214.111,النظم الخبيرة,11,20221,441.111,النظم الخبيرة,"predecessor still active at comparable volume through 2025 (82 rows in 2024 vs 71 in 2021, ratio 1.1549) - evidence AGAINST equivalence: both courses are live",name similarity 1.00 with degree-lineage link; unmet for confirmation: predecessor did not taper - still enrolling through 2025,20251,False,1,False,False,False,True,71,82,1.1549,44,20251,False,yes
likely_equivalent_needs_review,likely_equivalent_needs_review,False,True,1299.111,السلوك التنظيمي,11,20221,82.111,السلوك التنظيمي,"predecessor still active at comparable volume through 2025 (44 rows in 2024 vs 35 in 2021, ratio 1.2571) - evidence AGAINST equivalence: both courses are live",name similarity 1.00 with degree-lineage link; unmet for confirmation: predecessor did not taper - still enrolling through 2025,20243,False,2,False,False,False,True,35,44,1.2571,36,20243,False,yes
likely_equivalent_needs_review,likely_equivalent_needs_review,False,True,1378.111,محاسبة المؤسسات المالية والمصرفية,11,20222,8.111,محاسبة المؤسسات المالية والمصرفية,"predecessor still active at comparable volume through 2025 (90 rows in 2024 vs 12 in 2021, ratio 7.5) - evidence AGAINST equivalence: both courses are live",name similarity 1.00 with degree-lineage link; unmet for confirmation: predecessor did not taper - still enrolling through 2025,20251,False,1,False,False,False,True,12,90,7.5,55,20251,False,yes
confirmed_equivalent,likely_equivalent_needs_review,True,True,1218.111,الدارات الإلكترونية2,10,20222,459.111,الدارات الإلكترونية 2,"taper confirmed: predecessor last active 20241 (after the new course's debut), then near-zero for 4 consecutive semesters through 20252","exact normalized name, equal credits (3.0) and requirement type, degree-lineage link, and an extended-history taper: predecessor 459.111 last active 20241, near-zero for 4 consecutive semesters through 20252",20241,False,4,True,True,False,False,34,8,0.2353,25,20251,False,yes
unresolved,unresolved,False,True,1275.111,إدارة الشبكات الحاسوبية,10,20232,466.111,شبكات الحاسوب,"predecessor still active at comparable volume through 2025 (105 rows in 2024 vs 169 in 2021, ratio 0.6213) - evidence AGAINST equivalence: both courses are live",plausible but insufficient: name only 0.73 similar; predecessor still enrolling through 2025 - no taper,20251,False,1,False,False,False,True,169,105,0.6213,62,20251,False,yes
unresolved,unresolved,False,True,447.111,الذكاء الصنعي المتقدم,10,20221,533.111,قواعد البيانات المتقدمة,"predecessor still active at comparable volume through 2025 (90 rows in 2024 vs 33 in 2021, ratio 2.7273) - evidence AGAINST equivalence: both courses are live",plausible but insufficient: name only 0.60 similar; predecessor still enrolling through 2025 - no taper,20252,False,0,False,False,False,True,33,90,2.7273,3,20232,True,yes
likely_equivalent_needs_review,likely_equivalent_needs_review,False,True,1343.111,أسواق العمل,10,20232,175.111,اسواق مالية,predecessor already fully tapered before the new course's debut (last active 20132); the extra years confirm no rebound but add no new evidence,name similarity 0.80 with degree-lineage link; unmet for confirmation: uniqueness/corroboration,20132,False,40,True,False,True,False,0,0,,24,20251,False,yes
unresolved,unresolved,False,True,1213.111,مدخل إلى الرؤية الحاسوبية,9,20231,445.111,مدخل إلى الروبوتية,"predecessor never reached the 5-enrolment activity floor in any semester of the extended file (14 rows in total) - there is no taper to observe, so no corroboration is available",plausible but insufficient: name only 0.70 similar; predecessor still enrolling through 2025 - no taper,,True,66,False,False,False,False,0,1,,42,20251,False,yes
unresolved,unresolved,False,True,1340.111,أخلاقيات الاعمال,9,20221,100.111,العلاقات العامة,"predecessor still active at comparable volume through 2025 (66 rows in 2024 vs 64 in 2021, ratio 1.0312) - evidence AGAINST equivalence: both courses are live",plausible but insufficient: name only 0.71 similar; predecessor still enrolling through 2025 - no taper,20251,False,1,False,False,False,True,64,66,1.0312,30,20242,True,yes
likely_equivalent_needs_review,likely_equivalent_needs_review,False,True,1199.111,مشروع تخرج1,8,20232,539.111,مشروع التخرج 1,"predecessor still active at comparable volume through 2025 (140 rows in 2024 vs 46 in 2021, ratio 3.0435) - evidence AGAINST equivalence: both courses are live","name similarity 1.00 with degree-lineage link; unmet for confirmation: requirement_type, predecessor did not taper - still enrolling through 2025, ambiguous: a second candidate carries equal evidence",20251,False,1,False,False,False,True,46,140,3.0435,63,20251,False,yes
unresolved,unresolved,False,True,492.111,بنيان الحواسيب المتقدم,8,20231,510.111,بنيان الحواسيب,"taper confirmed: predecessor last active 20242 (after the new course's debut), then near-zero for 3 consecutive semesters through 20252",plausible but insufficient: requirement type differs; name only 0.80 similar,20242,False,3,True,True,False,False,343,13,0.0379,0,20231,True,yes
confirmed_equivalent,likely_equivalent_needs_review,True,True,1318.111,إدارة التغيير,8,20221,81.111,إدارة التغيير,"taper confirmed: predecessor last active 20242 (after the new course's debut), then near-zero for 3 consecutive semesters through 20252","exact normalized name, equal credits (3.0) and requirement type, degree-lineage link, and an extended-history taper: predecessor 81.111 last active 20242, near-zero for 3 consecutive semesters through 20252",20242,False,3,True,True,False,False,44,19,0.4318,44,20242,True,yes
likely_equivalent_needs_review,likely_equivalent_needs_review,False,True,1167.111,إدارة المؤسسات,7,20222,509.111,إدارة المؤسسات,"predecessor still active at comparable volume through 2025 (61 rows in 2024 vs 125 in 2021, ratio 0.488) - evidence AGAINST equivalence: both courses are live",name similarity 1.00 with degree-lineage link; unmet for confirmation: predecessor did not taper - still enrolling through 2025,20252,False,0,False,False,False,True,125,61,0.488,14,20252,False,yes
unresolved,unresolved,False,True,1169.111,ضمان جودة البرمجيات,7,20232,537.111,ضمان جودة البرمجيات واختبارها,"predecessor still active at comparable volume through 2025 (123 rows in 2024 vs 41 in 2021, ratio 3.0) - evidence AGAINST equivalence: both courses are live",plausible but insufficient: name only 0.79 similar; predecessor still enrolling through 2025 - no taper,20251,False,1,False,False,False,True,41,123,3.0,45,20251,False,yes
unresolved,unresolved,False,True,113.111,إدارة العلامة التجارية,7,20233,65.111,ادارة العملات الاجنبية,"predecessor still active at comparable volume through 2025 (3 rows in 2024 vs 4 in 2021, ratio 0.75) - evidence AGAINST equivalence: both courses are live",plausible but insufficient: no degree-lineage link to the candidate's degrees; name only 0.77 similar; predecessor still enrolling through 2025 - no taper,20251,False,1,False,False,False,True,4,3,0.75,16,20251,False,yes
unresolved,unresolved,False,True,1208.111,تقانات إحصائية في علوم البيانات,7,20231,995.111,تقانة حيوية في الصيدلة,"predecessor still active at comparable volume through 2025 (228 rows in 2024 vs 198 in 2021, ratio 1.1515) - evidence AGAINST equivalence: both courses are live",plausible but insufficient: no degree-lineage link to the candidate's degrees; credits differ (2.0 -> 3.0); name only 0.60 similar; predecessor still enrolling through 2025 - no taper,20251,False,1,False,False,False,True,198,228,1.1515,38,20252,False,yes
likely_equivalent_needs_review,likely_equivalent_needs_review,False,True,1386.111,محاسبة مالية خاصة,7,20222,12.111,محاسبة مالية خاصة,"predecessor still active at comparable volume through 2025 (48 rows in 2024 vs 33 in 2021, ratio 1.4545) - evidence AGAINST equivalence: both courses are live",name similarity 1.00 with degree-lineage link; unmet for confirmation: predecessor did not taper - still enrolling through 2025,20251,False,1,False,False,False,True,33,48,1.4545,20,20251,False,yes
unresolved,unresolved,False,True,1254.111,نظرية التحكم,6,20222,521.111,نظرية الحوسبة,"predecessor still running through 2025 at reduced volume (last active 20251, 2024/2021 ratio 0.1623) - no confirmed taper",plausible but insufficient: name only 0.72 similar; predecessor still enrolling through 2025 - no taper,20251,False,1,False,False,False,False,154,25,0.1623,13,20251,False,yes
likely_equivalent_needs_review,likely_equivalent_needs_review,False,True,1403.111,معايير التدقيق الدولية,6,20222,20.111,معايير التدقيق الدولية,"predecessor still active at comparable volume through 2025 (27 rows in 2024 vs 16 in 2021, ratio 1.6875) - evidence AGAINST equivalence: both courses are live",name similarity 1.00 with degree-lineage link; unmet for confirmation: predecessor did not taper - still enrolling through 2025,20251,False,1,False,False,False,True,16,27,1.6875,17,20251,False,yes
likely_equivalent_needs_review,likely_equivalent_needs_review,False,True,1418.111,نظم معلومات إدارة الموارد البشرية,6,20223,87.111,نظم المعلومات ومناهج البحث في إدارة الموارد البشرية,"predecessor still active at comparable volume through 2025 (42 rows in 2024 vs 23 in 2021, ratio 1.8261) - evidence AGAINST equivalence: both courses are live",name similarity 0.81 with degree-lineage link; unmet for confirmation: predecessor did not taper - still enrolling through 2025,20252,False,0,False,False,False,True,23,42,1.8261,4,20252,False,yes
confirmed_equivalent,likely_equivalent_needs_review,True,True,1220.111,الدارات الكهربائية2,6,20231,428.111,الدارات الكهربائية 2,"taper confirmed: predecessor last active 20232 (after the new course's debut), then near-zero for 6 consecutive semesters through 20252","exact normalized name, equal credits (3.0) and requirement type, degree-lineage link, and an extended-history taper: predecessor 428.111 last active 20232, near-zero for 6 consecutive semesters through 20252",20232,False,6,True,True,False,False,35,3,0.0857,12,20252,False,yes
unresolved,unresolved,False,True,1257.111,الآلات الكهربائية,5,20231,465.111,نظرية الحقول الكهرطيسية,"predecessor still running through 2025 at reduced volume (last active 20251, 2024/2021 ratio 0.3333) - no confirmed taper",plausible but insufficient: name only 0.60 similar; predecessor still enrolling through 2025 - no taper,20251,False,1,False,False,False,False,48,16,0.3333,4,20251,False,yes
unresolved,unresolved,False,True,1260.111,التصميم بمساعدة الحاسوب,5,20221,380.111,البيانيات والرسم بمعونة الحاسب,predecessor already fully tapered before the new course's debut (last active 20102); the extra years confirm no rebound but add no new evidence,plausible but insufficient: name only 0.60 similar,20102,False,49,True,False,True,False,0,0,,10,20242,True,yes
unresolved,unresolved,False,True,117.111,مشروع تخرج في التسويق,5,20232,25.111,مشروع  تخرج في المحاسبة والتدقيق,"predecessor still active at comparable volume through 2025 (50 rows in 2024 vs 15 in 2021, ratio 3.3333) - evidence AGAINST equivalence: both courses are live",plausible but insufficient: no degree-lineage link to the candidate's degrees; name only 0.73 similar; predecessor still enrolling through 2025 - no taper,20251,False,1,False,False,False,True,15,50,3.3333,32,20251,False,yes
unresolved,unresolved,False,True,1210.111,مدخل إلى التعلم العميق,5,20232,445.111,مدخل إلى الروبوتية,"predecessor never reached the 5-enrolment activity floor in any semester of the extended file (14 rows in total) - there is no taper to observe, so no corroboration is available",plausible but insufficient: name only 0.65 similar; predecessor still enrolling through 2025 - no taper,,True,66,False,False,False,False,0,1,,59,20251,False,yes
unresolved,unresolved,False,True,1369.111,قانون العمل و اتفاقيات العمل الدولية,5,20223,61.111,العمليات المصرفية الدولية,"predecessor still active at comparable volume through 2025 (15 rows in 2024 vs 9 in 2021, ratio 1.6667) - evidence AGAINST equivalence: both courses are live",plausible but insufficient: no degree-lineage link to the candidate's degrees; name only 0.66 similar; predecessor still enrolling through 2025 - no taper,20251,False,1,False,False,False,True,9,15,1.6667,35,20251,False,yes
likely_equivalent_needs_review,likely_equivalent_needs_review,False,True,1291.111,التدقيق الداخلي,5,20233,23.111,التدقيق الداخلي,"predecessor still active at comparable volume through 2025 (50 rows in 2024 vs 13 in 2021, ratio 3.8462) - evidence AGAINST equivalence: both courses are live",name similarity 1.00 with degree-lineage link; unmet for confirmation: predecessor did not taper - still enrolling through 2025,20251,False,1,False,False,False,True,13,50,3.8462,16,20251,False,yes
genuinely_new,genuinely_new,False,False,1363.111,حل المشكلات واتخاذ القرار,5,20231,,,carried over unchanged - outside this task's scope,no TRAIN course reaches the plausibility bar on normalized name similarity in any degree,,,,,,,,,,,10,20251,False,yes
unresolved,unresolved,False,True,1258.111,النظم الروبوتية,4,20232,445.111,مدخل إلى الروبوتية,"predecessor never reached the 5-enrolment activity floor in any semester of the extended file (14 rows in total) - there is no taper to observe, so no corroboration is available",plausible but insufficient: name only 0.73 similar; predecessor still enrolling through 2025 - no taper,,True,66,False,False,False,False,0,1,,4,20251,False,yes
unresolved,unresolved,False,True,1259.111,الميكانيك والآلات,4,20232,424.111,الأحصاء والأحتمالات,predecessor already fully tapered before the new course's debut (last active 20102); the extra years confirm no rebound but add no new evidence,plausible but insufficient: name only 0.63 similar,20102,False,49,True,False,True,False,0,0,,4,,False,yes
unresolved,unresolved,False,True,1268.111,برمجة نظم التشغيل,4,20231,528.111,نظم التشغيل,"predecessor still active at comparable volume through 2025 (105 rows in 2024 vs 48 in 2021, ratio 2.1875) - evidence AGAINST equivalence: both courses are live",plausible but insufficient: name only 0.79 similar; predecessor still enrolling through 2025 - no taper,20251,False,1,False,False,False,True,48,105,2.1875,78,20251,False,yes
likely_equivalent_needs_review,likely_equivalent_needs_review,False,True,1288.111,الإدارة المالية,4,20233,80.111,الإدارة العامة,"taper confirmed: predecessor last active 20242 (after the new course's debut), then near-zero for 3 consecutive semesters through 20252",name similarity 0.83 with degree-lineage link; unmet for confirmation: uniqueness/corroboration,20242,False,3,True,True,False,False,54,39,0.7222,22,20251,False,yes
unresolved,unresolved,False,True,1281.111,الاتصالات التسويقية المتكاملة,4,20232,462.111,الاتصالات التماثلية,"taper confirmed: predecessor last active 20242 (after the new course's debut), then near-zero for 3 consecutive semesters through 20252",plausible but insufficient: no degree-lineage link to the candidate's degrees; name only 0.62 similar,20242,False,3,True,True,False,False,47,14,0.2979,4,,False,yes
unresolved,unresolved,False,True,1314.111,إدارة الأعمال الدولية,4,20232,197.111,ادارة المؤسسات المالية,predecessor already fully tapered before the new course's debut (last active 20162); the extra years confirm no rebound but add no new evidence,plausible but insufficient: name only 0.69 similar,20162,False,28,True,False,True,False,0,0,,5,20251,False,yes
unresolved,unresolved,False,True,1301.111,القيادة الإدارية,4,20231,167.111,تنمية ادارية,predecessor already fully tapered before the new course's debut (last active 20162); the extra years confirm no rebound but add no new evidence,plausible but insufficient: name only 0.75 similar,20162,False,28,True,False,True,False,1,0,0.0,31,20251,False,yes
unresolved,unresolved,False,True,1209.111,مدخل إلى البيانات الكبيرة,3,20232,445.111,مدخل إلى الروبوتية,"predecessor never reached the 5-enrolment activity floor in any semester of the extended file (14 rows in total) - there is no taper to observe, so no corroboration is available",plausible but insufficient: name only 0.65 similar; predecessor still enrolling through 2025 - no taper,,True,66,False,False,False,False,0,1,,14,20251,False,yes
unresolved,unresolved,False,True,1389.111,مشتقات مالية,3,20233,60.111,المشتقات المالية,"predecessor still active at comparable volume through 2025 (21 rows in 2024 vs 4 in 2021, ratio 5.25) - evidence AGAINST equivalence: both courses are live",plausible but insufficient: no degree-lineage link to the candidate's degrees; requirement type differs; predecessor still enrolling through 2025 - no taper,20251,False,1,False,False,False,True,4,21,5.25,3,,False,yes
unresolved,unresolved,False,True,1326.111,إدارة العمليات المصرفية,3,20232,197.111,ادارة المؤسسات المالية,predecessor already fully tapered before the new course's debut (last active 20162); the extra years confirm no rebound but add no new evidence,plausible but insufficient: no degree-lineage link to the candidate's degrees; name only 0.76 similar,20162,False,28,True,False,True,False,0,0,,2,,False,yes
unresolved,unresolved,False,True,1336.111,إدارة عمليات التأمين,3,20232,54.111,ادارة عمليات التامين,"taper confirmed: predecessor last active 20242 (after the new course's debut), then near-zero for 3 consecutive semesters through 20252",plausible but insufficient: no degree-lineage link to the candidate's degrees,20242,False,3,True,True,False,False,0,21,,5,,False,yes
unresolved,unresolved,False,True,1366.111,رياضيات مالية,3,20232,51.111,رياضيات مالية,"taper confirmed: predecessor last active 20241 (after the new course's debut), then near-zero for 4 consecutive semesters through 20252",plausible but insufficient: no degree-lineage link to the candidate's degrees,20241,False,4,True,True,False,False,12,8,0.6667,10,20241,True,yes
unresolved,unresolved,False,True,1367.111,سلوك المستهلك,3,20233,933.111,السلوك المهني,"predecessor never reached the 5-enrolment activity floor in any semester of the extended file (1 rows in total) - there is no taper to observe, so no corroboration is available",plausible but insufficient: no degree-lineage link to the candidate's degrees; credits differ (2.0 -> 3.0); requirement type differs; name only 0.70 similar; predecessor still enrolling through 2025 - no taper,,True,66,False,False,False,False,0,0,,6,20251,False,yes
likely_equivalent_needs_review,likely_equivalent_needs_review,False,True,1284.111,الإدارة الاستراتيجية,3,20233,84.111,إدارة استراتيجية,"predecessor still active at comparable volume through 2025 (40 rows in 2024 vs 60 in 2021, ratio 0.6667) - evidence AGAINST equivalence: both courses are live",name similarity 1.00 with degree-lineage link; unmet for confirmation: predecessor did not taper - still enrolling through 2025,20252,False,0,False,False,False,True,60,40,0.6667,5,20251,False,yes
likely_equivalent_needs_review,likely_equivalent_needs_review,False,True,1339.111,إنكليزي الأعمال,3,20233,74.111,إنكليزي الأعمال,"predecessor still active at comparable volume through 2025 (9 rows in 2024 vs 24 in 2021, ratio 0.375) - evidence AGAINST equivalence: both courses are live","name similarity 1.00 with degree-lineage link; unmet for confirmation: requirement_type, predecessor did not taper - still enrolling through 2025",20251,False,1,False,False,False,True,24,9,0.375,9,20252,False,yes
likely_equivalent_needs_review,likely_equivalent_needs_review,False,True,1430.111,اللغة الانكليزية - 3,3,20231,1015.111,اللغة الانكليزية 3,"predecessor still active at comparable volume through 2025 (20 rows in 2024 vs 47 in 2021, ratio 0.4255) - evidence AGAINST equivalence: both courses are live",name similarity 1.00 with degree-lineage link; unmet for confirmation: predecessor did not taper - still enrolling through 2025,20252,False,0,False,False,False,True,47,20,0.4255,25,20252,False,yes
genuinely_new,genuinely_new,False,False,1276.111,كشف التطفل وإدارة الاختراقات,2,20232,,,carried over unchanged - outside this task's scope,no TRAIN course reaches the plausibility bar on normalized name similarity in any degree,,,,,,,,,,,58,20251,False,yes
unresolved,unresolved,False,True,1321.111,إدارة التفاوض في التسويق,2,20232,56.111,ادارة الاستثمار والتمويل,"predecessor still active at comparable volume through 2025 (19 rows in 2024 vs 7 in 2021, ratio 2.7143) - evidence AGAINST equivalence: both courses are live",plausible but insufficient: no degree-lineage link to the candidate's degrees; name only 0.67 similar; predecessor still enrolling through 2025 - no taper,20251,False,1,False,False,False,True,7,19,2.7143,5,20251,False,yes
unresolved,unresolved,False,True,1325.111,إدارة العلاقة مع الزبائن,2,20232,54.111,ادارة عمليات التامين,"taper confirmed: predecessor last active 20242 (after the new course's debut), then near-zero for 3 consecutive semesters through 20252",plausible but insufficient: no degree-lineage link to the candidate's degrees; name only 0.68 similar,20242,False,3,True,True,False,False,0,21,,1,,False,yes
unresolved,unresolved,False,True,1300.111,العلاقات العامة,2,20233,100.111,العلاقات العامة,"predecessor still active at comparable volume through 2025 (66 rows in 2024 vs 64 in 2021, ratio 1.0312) - evidence AGAINST equivalence: both courses are live",plausible but insufficient: no degree-lineage link to the candidate's degrees; predecessor still enrolling through 2025 - no taper,20251,False,1,False,False,False,True,64,66,1.0312,5,20251,False,yes
unresolved,unresolved,False,True,1419.111,نقود ومصارف,2,20232,49.111,نقود ومصارف,"taper confirmed: predecessor last active 20242 (after the new course's debut), then near-zero for 3 consecutive semesters through 20252",plausible but insufficient: no degree-lineage link to the candidate's degrees,20242,False,3,True,True,False,False,6,11,1.8333,6,20251,False,yes
unresolved,unresolved,False,True,1306.111,المصارف الاسلامية,2,20233,53.111,المصارف الاسلامية,"predecessor still active at comparable volume through 2025 (36 rows in 2024 vs 9 in 2021, ratio 4.0) - evidence AGAINST equivalence: both courses are live",plausible but insufficient: no degree-lineage link to the candidate's degrees; predecessor still enrolling through 2025 - no taper,20251,False,1,False,False,False,True,9,36,4.0,3,20251,False,yes
likely_equivalent_needs_review,likely_equivalent_needs_review,False,True,1431.111,لغة أجنبية حية ثانية - فرنسية,2,20231,1017.111,لغة اجنبية حية (ثانية),"taper confirmed: predecessor last active 20241 (after the new course's debut), then near-zero for 4 consecutive semesters through 20252",name similarity 0.85 with degree-lineage link; unmet for confirmation: uniqueness/corroboration,20241,False,4,True,True,False,False,167,6,0.0359,4,,False,yes
genuinely_new,genuinely_new,False,False,1256.111,الحساسات والتحسس,1,20233,,,carried over unchanged - outside this task's scope,no TRAIN course reaches the plausibility bar on normalized name similarity in any degree,,,,,,,,,,,6,,False,yes
likely_equivalent_needs_review,likely_equivalent_needs_review,False,True,1277.111,نظم الزمن الحقيقي,1,20232,536.111,نظم الزمن الحقيقي,"predecessor still active at comparable volume through 2025 (113 rows in 2024 vs 99 in 2021, ratio 1.1414) - evidence AGAINST equivalence: both courses are live","name similarity 1.00 with degree-lineage link; unmet for confirmation: requirement_type, predecessor did not taper - still enrolling through 2025",20251,False,1,False,False,False,True,99,113,1.1414,19,20251,False,yes
unresolved,unresolved,False,True,1330.111,إدارة المشتريات,1,20233,81.111,إدارة التغيير,"taper confirmed: predecessor last active 20242 (after the new course's debut), then near-zero for 3 consecutive semesters through 20252",plausible but insufficient: no degree-lineage link to the candidate's degrees; name only 0.71 similar,20242,False,3,True,True,False,False,44,19,0.4318,6,20241,True,yes
unresolved,unresolved,False,True,1407.111,مهارات الدخول إلى سوق العمل,1,20233,150.111,مهارات الحاسوب 1,predecessor already fully tapered before the new course's debut (last active 20111); the extra years confirm no rebound but add no new evidence,plausible but insufficient: requirement type differs; name only 0.60 similar,20111,False,47,True,False,True,False,0,0,,90,20242,True,yes
likely_equivalent_needs_review,likely_equivalent_needs_review,False,True,1285.111,الإدارة الاستراتيجية للموارد البشرية,1,20221,93.111,الإدارة الإستراتيجية للموارد البشرية,"predecessor still active at comparable volume through 2025 (71 rows in 2024 vs 52 in 2021, ratio 1.3654) - evidence AGAINST equivalence: both courses are live",name similarity 1.00 with degree-lineage link; unmet for confirmation: predecessor did not taper - still enrolling through 2025,20252,False,0,False,False,False,True,52,71,1.3654,30,20252,False,yes
genuinely_new,genuinely_new,False,False,1290.111,التدريب والتطوير,1,20231,,,carried over unchanged - outside this task's scope,no TRAIN course reaches the plausibility bar on normalized name similarity in any degree,,,,,,,,,,,30,20251,False,yes
unresolved,unresolved,False,True,1320.111,إدارة التفاوض في الموارد البشرية,1,20232,93.111,الإدارة الإستراتيجية للموارد البشرية,"predecessor still active at comparable volume through 2025 (71 rows in 2024 vs 52 in 2021, ratio 1.3654) - evidence AGAINST equivalence: both courses are live",plausible but insufficient: name only 0.74 similar; predecessor still enrolling through 2025 - no taper,20252,False,0,False,False,False,True,52,71,1.3654,36,20251,False,yes
likely_equivalent_needs_review,likely_equivalent_needs_review,False,True,1364.111,ريادة الاعمال وإدارة المشروعات الصغيرة,1,20231,29.111,مدخل إلى الريادة وإدارة المشروعات الصغيرة,"predecessor still active at comparable volume through 2025 (61 rows in 2024 vs 59 in 2021, ratio 1.0339) - evidence AGAINST equivalence: both courses are live",name similarity 0.80 with degree-lineage link; unmet for confirmation: predecessor did not taper - still enrolling through 2025,20243,False,2,False,False,False,True,59,61,1.0339,45,20242,True,yes
likely_equivalent_needs_review,likely_equivalent_needs_review,False,True,1394.111,مشروع التدريب المهني في إدارة الموارد البشرية,1,20232,96.111,مشروع تخرج في إدارة الموارد البشرية,"predecessor still active at comparable volume through 2025 (75 rows in 2024 vs 25 in 2021, ratio 3.0) - evidence AGAINST equivalence: both courses are live",name similarity 0.85 with degree-lineage link; unmet for confirmation: predecessor did not taper - still enrolling through 2025,20251,False,1,False,False,False,True,25,75,3.0,22,20251,False,yes
likely_equivalent_needs_review,likely_equivalent_needs_review,False,True,1304.111,المحاسبة الدولية,1,20232,16.111,المحاسبة الدولية,"predecessor still active at comparable volume through 2025 (66 rows in 2024 vs 12 in 2021, ratio 5.5) - evidence AGAINST equivalence: both courses are live",name similarity 1.00 with degree-lineage link; unmet for confirmation: predecessor did not taper - still enrolling through 2025,20252,False,0,False,False,False,True,12,66,5.5,28,20252,False,yes
confirmed_equivalent,confirmed_equivalent,False,False,1305.111,المحاسبة الضريبية,1,20231,15.111,المحاسبة الضريبية,carried over unchanged - outside this task's scope,"exact normalized name, equal credits (3.0) and requirement type, degree-lineage link, and predecessor last active 20231 <= debut 20231",,,,,,,,,,,42,20251,False,yes
confirmed_equivalent,confirmed_equivalent,False,False,1379.111,محاسبة إدارية,1,20231,7.111,محاسبة إدارية,carried over unchanged - outside this task's scope,"exact normalized name, equal credits (3.0) and requirement type, degree-lineage link, and predecessor last active 20231 <= debut 20231",,,,,,,,,,,21,20252,False,yes
likely_equivalent_needs_review,likely_equivalent_needs_review,False,True,1381.111,محاسبة تكاليف2,1,20232,11.111,محاسبة تكاليف II,"taper confirmed: predecessor last active 20242 (after the new course's debut), then near-zero for 3 consecutive semesters through 20252",name similarity 0.90 with degree-lineage link; unmet for confirmation: uniqueness/corroboration,20242,False,3,True,True,False,False,24,52,2.1667,23,20242,True,yes
likely_equivalent_needs_review,likely_equivalent_needs_review,False,True,1382.111,محاسبة توحيد الأعمال,1,20223,17.111,محاسبة توحيد الأعمال,"predecessor still active at comparable volume through 2025 (64 rows in 2024 vs 18 in 2021, ratio 3.5556) - evidence AGAINST equivalence: both courses are live",name similarity 1.00 with degree-lineage link; unmet for confirmation: predecessor did not taper - still enrolling through 2025,20252,False,0,False,False,False,True,18,64,3.5556,7,20252,False,yes
likely_equivalent_needs_review,likely_equivalent_needs_review,False,True,1383.111,محاسبة حكومية ومؤسسات غير ربحية,1,20223,6.111,محاسبة حكومية  ومؤسسات غير ربحية,"predecessor still active at comparable volume through 2025 (34 rows in 2024 vs 29 in 2021, ratio 1.1724) - evidence AGAINST equivalence: both courses are live",name similarity 1.00 with degree-lineage link; unmet for confirmation: predecessor did not taper - still enrolling through 2025,20251,False,1,False,False,False,True,29,34,1.1724,23,20251,False,yes
likely_equivalent_needs_review,likely_equivalent_needs_review,False,True,1388.111,محاسبة متوسطة2,1,20232,10.111,محاسبة متوسطة II,"predecessor still active at comparable volume through 2025 (51 rows in 2024 vs 21 in 2021, ratio 2.4286) - evidence AGAINST equivalence: both courses are live",name similarity 0.90 with degree-lineage link; unmet for confirmation: predecessor did not taper - still enrolling through 2025,20251,False,1,False,False,False,True,21,51,2.4286,29,20242,True,yes
likely_equivalent_needs_review,likely_equivalent_needs_review,False,True,1398.111,مشروع تخرج في المحاسبة والتدقيق,1,20233,25.111,مشروع  تخرج في المحاسبة والتدقيق,"predecessor still active at comparable volume through 2025 (50 rows in 2024 vs 15 in 2021, ratio 3.3333) - evidence AGAINST equivalence: both courses are live",name similarity 1.00 with degree-lineage link; unmet for confirmation: predecessor did not taper - still enrolling through 2025,20251,False,1,False,False,False,True,15,50,3.3333,1,,False,yes
likely_equivalent_needs_review,likely_equivalent_needs_review,False,True,1402.111,مشكلات محاسبية معاصرة,1,20232,18.111,مشكلات محاسبية معاصرة,"predecessor still active at comparable volume through 2025 (45 rows in 2024 vs 25 in 2021, ratio 1.8) - evidence AGAINST equivalence: both courses are live",name similarity 1.00 with degree-lineage link; unmet for confirmation: predecessor did not taper - still enrolling through 2025,20251,False,1,False,False,False,True,25,45,1.8,28,20242,True,yes
confirmed_equivalent,likely_equivalent_needs_review,True,True,1224.111,الاتصالات الرقمية,1,20232,463.111,الاتصالات الرقمية,"taper confirmed: predecessor last active 20242 (after the new course's debut), then near-zero for 3 consecutive semesters through 20252","exact normalized name, equal credits (3.0) and requirement type, degree-lineage link, and an extended-history taper: predecessor 463.111 last active 20242, near-zero for 3 consecutive semesters through 20252",20242,False,3,True,True,False,False,23,16,0.6957,1,,False,yes
likely_equivalent_needs_review,likely_equivalent_needs_review,False,True,1231.111,الاتصالات النقالة واللاسلكية,1,20233,474.111,الاتصالات النقالة واللاسلكية,"predecessor still active at comparable volume through 2025 (74 rows in 2024 vs 41 in 2021, ratio 1.8049) - evidence AGAINST equivalence: both courses are live","name similarity 1.00 with degree-lineage link; unmet for confirmation: requirement_type, predecessor did not taper - still enrolling through 2025",20252,False,0,False,False,False,True,41,74,1.8049,4,20252,False,yes
likely_equivalent_needs_review,likely_equivalent_needs_review,False,True,1433.111,لغة أجنبية حية ثانية - ألمانية,1,20232,1017.111,لغة اجنبية حية (ثانية),"taper confirmed: predecessor last active 20241 (after the new course's debut), then near-zero for 4 consecutive semesters through 20252",name similarity 0.87 with degree-lineage link; unmet for confirmation: uniqueness/corroboration,20241,False,4,True,True,False,False,167,6,0.0359,7,,False,yes
