REVIEW ARTIFACT - NOT AN EQUIVALENCE MAPPING. No mapping has been created or applied. Multiple candidates per course; buckets are mixed; conflicting evidence is retained deliberately. Do not consume as a lookup table.
review_bucket,new_course_id,new_course_name,valid_rows,first_valid_semester,censored_debut,faculty_id,degrees_offered_in_valid,candidate_1_course_id,candidate_1_name,candidate_1_name_similarity,candidate_1_name_exact_normalized,candidate_1_credits_old,candidate_1_credits_new,candidate_1_credits_equal,candidate_1_requirement_type_equal,candidate_1_faculty_equal,candidate_1_degree_lineage_linked,candidate_1_planned_level_equal,candidate_1_train_rows,candidate_1_last_active_semester,candidate_1_volume_collapsed,candidate_1_post_boundary_volume_ratio,candidate_1_temporal_complementarity,candidate_1_censored_predecessor,candidate_1_signals_matched,candidate_1_signals_conflicted,candidate_2_course_id,candidate_2_name,candidate_2_name_similarity,candidate_3_course_id,candidate_3_name,candidate_3_name_similarity,reason,human_decision_required
likely_equivalent_needs_review,1423.111,اللغة الإنكليزية – 1,979,20231,False,167.111,35.111|40.111|41.111|42.111|44.111|45.111|46.111|47.111|48.111|49.111|50.111|52.111|53.111|54.111|55.111|56.111,830.111,اللغة الانكليزية - 1,1.0,True,3.0,3.0,True,True,False,True,True,363,20171,False,0.0,True,False,name_exact|credits|requirement_type|degree_lineage|planned_level|temporal_complementarity,faculty|predecessor_volume_collapse|volume_continuity,221.111,لغة انكليزية (1),1.0,151.111,اللغة الانكليزية 1,1.0,name similarity 1.00 with degree-lineage link; unmet for confirmation: ambiguous: a second candidate carries equal evidence,yes
likely_equivalent_needs_review,1175.111,التحليل الرياضي1,917,20221,False,167.111,26.111|27.111|29.111|30.111|31.111|45.111|46.111|47.111|48.111|49.111,502.111,التحليل الرياضي 1,1.0,True,4.0,3.0,False,True,False,True,False,1524,20232,True,0.0944,False,True,name_exact|requirement_type|degree_lineage|predecessor_volume_collapse|volume_continuity,credits|faculty|planned_level|temporal_complementarity,400.111,تحليل رياضي1,1.0,503.111,التحليل العددي,0.7097,"name similarity 1.00 with degree-lineage link; unmet for confirmation: credits, temporal corroboration censored by the VALID end date",yes
confirmed_equivalent,1172.111,الرياضيات المتقطعة,876,20221,False,167.111,26.111|27.111|29.111|30.111|31.111|45.111|46.111|47.111|48.111|49.111,431.111,الرياضيات المتقطعة,1.0,True,3.0,3.0,True,True,False,True,False,1929,20231,True,0.0401,False,False,name_exact|credits|requirement_type|degree_lineage|predecessor_volume_collapse|volume_continuity,faculty|planned_level|temporal_complementarity,118.111,رياضيات الأعمال,0.6667,1040.111,رياضيات – 1,0.6957,"exact normalized name, equal credits (3.0) and requirement type, degree-lineage link, and predecessor enrolment collapsed to 4% of its final TRAIN year",yes
unresolved,1421.111,مهارات اللغة العربية,854,20231,False,2.111,35.111|40.111|41.111|42.111|44.111|45.111|46.111|47.111|48.111|49.111|50.111|52.111|53.111|54.111|55.111|56.111,955.111,اللغة العربية,0.7879,False,2.0,2.0,True,True,False,True,False,10326,20233,False,0.4513,False,True,credits|requirement_type|degree_lineage,name_exact|faculty|planned_level|predecessor_volume_collapse|temporal_complementarity|volume_continuity,829.111,اللغة العربية,0.7879,149.111,اللغة العربية,0.7879,plausible but insufficient: name only 0.79 similar,yes
likely_equivalent_needs_review,1171.111,مدخل إلى الخوارزميات والبرمجة,834,20221,False,167.111,26.111|27.111|29.111|30.111|31.111|45.111|46.111|47.111|48.111|49.111,513.111,مقدمة في الخوارزميات والبرمجة,0.8846,False,3.0,3.0,True,True,False,True,True,2117,20232,True,0.0273,False,True,credits|requirement_type|degree_lineage|planned_level|predecessor_volume_collapse|volume_continuity,name_exact|faculty|temporal_complementarity,444.111,المنطق العائم والخوارزميات الوراثية,0.6875,119.111,مدخل إلى إدارة الإنتاج والعمليات,0.623,name similarity 0.88 with degree-lineage link; unmet for confirmation: temporal corroboration censored by the VALID end date,yes
confirmed_equivalent,1174.111,الفيزياء1,791,20221,False,167.111,26.111|27.111|29.111|30.111|31.111|45.111|46.111|47.111|48.111|49.111,501.111,الفيزياء 1,1.0,True,3.0,3.0,True,True,False,True,True,1910,20231,True,0.0369,False,False,name_exact|credits|requirement_type|degree_lineage|planned_level|predecessor_volume_collapse|volume_continuity,faculty|temporal_complementarity,410.111,فيزياء 1,1.0,271.111,الفيزياء (1),1.0,"exact normalized name, equal credits (3.0) and requirement type, degree-lineage link, and predecessor enrolment collapsed to 4% of its final TRAIN year",yes
likely_equivalent_needs_review,1180.111,الدارات الكهربائية1,773,20221,False,167.111,26.111|27.111|29.111|30.111|31.111|45.111|46.111|47.111|48.111|49.111,427.111,الدارات الكهربائية 1,1.0,True,3.0,3.0,True,False,False,True,False,385,20222,True,0.3431,False,False,name_exact|credits|degree_lineage|predecessor_volume_collapse,requirement_type|faculty|planned_level|temporal_complementarity|volume_continuity,520.111,الدارات الكهربائية والإلكترونية,0.7451,434.111,الدارات المنطقية,0.6667,name similarity 1.00 with degree-lineage link; unmet for confirmation: requirement_type,yes
likely_equivalent_needs_review,1179.111,الفيزياء2,759,20222,False,167.111,26.111|27.111|29.111|30.111|31.111|45.111|46.111|47.111|48.111|49.111,457.111,الفيزياء 2,1.0,True,3.0,3.0,True,False,False,True,True,362,20222,True,0.0714,True,False,name_exact|credits|degree_lineage|planned_level|predecessor_volume_collapse|temporal_complementarity,requirement_type|faculty|volume_continuity,411.111,فيزياء 2,1.0,501.111,الفيزياء 1,0.8889,name similarity 1.00 with degree-lineage link; unmet for confirmation: requirement_type,yes
unresolved,1176.111,البرمجة1,751,20221,False,167.111,26.111|27.111|29.111|30.111|31.111|45.111|46.111|47.111|48.111|49.111,519.111,برمجة النظم,0.75,False,3.0,3.0,True,True,False,True,False,420,20233,False,1.6914,False,True,credits|requirement_type|degree_lineage|volume_continuity,name_exact|faculty|planned_level|predecessor_volume_collapse|temporal_complementarity,514.111,البرمجة الإجرائية,0.6154,413.111,برمجة 1,1.0,plausible but insufficient: name only 0.75 similar,yes
likely_equivalent_needs_review,1173.111,الجبر الخطي ونظرية المصفوفات,719,20221,False,167.111,26.111|27.111|29.111|30.111|31.111|45.111|46.111|47.111|48.111|49.111,432.111,الجبر الخطي ونظرية المصفوفات,1.0,True,4.0,3.0,False,True,False,True,True,1933,20222,True,0.0363,False,False,name_exact|requirement_type|degree_lineage|planned_level|predecessor_volume_collapse|volume_continuity,credits|faculty|temporal_complementarity,,,,,,,name similarity 1.00 with degree-lineage link; unmet for confirmation: credits,yes
likely_equivalent_needs_review,1177.111,التحليل الرياضي2,688,20221,False,167.111,26.111|27.111|29.111|30.111|31.111|45.111|46.111|47.111|48.111|49.111,433.111,التحليل الرياضي 2,1.0,True,4.0,3.0,False,True,False,True,False,1141,20233,True,0.1798,False,True,name_exact|requirement_type|degree_lineage|predecessor_volume_collapse|volume_continuity,credits|faculty|planned_level|temporal_complementarity,401.111,تحليل رياضي 2,1.0,503.111,التحليل العددي,0.7097,"name similarity 1.00 with degree-lineage link; unmet for confirmation: credits, temporal corroboration censored by the VALID end date",yes
likely_equivalent_needs_review,1422.111,مهارات الحاسوب,686,20231,False,2.111,40.111|41.111|42.111|44.111|45.111|46.111|47.111|48.111|49.111|50.111|52.111|53.111|54.111|55.111|56.111,967.111,مهارات الحاسوب,1.0,True,3.0,3.0,True,True,False,True,True,9254,20233,False,0.5431,False,True,name_exact|credits|requirement_type|degree_lineage|planned_level,faculty|predecessor_volume_collapse|temporal_complementarity|volume_continuity,584.111,مهارات الحاسوب,1.0,398.111,مهارات الحاسوب,1.0,name similarity 1.00 with degree-lineage link; unmet for confirmation: no uncensored temporal/enrolment corroboration (predecessor still running at full volume),yes
likely_equivalent_needs_review,1375.111,مبادئ المحاسبة1,656,20221,False,177.111,33.111|34.111|35.111|36.111|37.111|39.111|40.111|52.111|53.111|54.111|55.111|56.111,1.111,مبادئ المحاسبة 1,1.0,True,2.0,3.0,False,True,False,True,True,1474,20232,True,0.0741,False,True,name_exact|requirement_type|degree_lineage|planned_level|predecessor_volume_collapse|volume_continuity,credits|faculty|temporal_complementarity,154.111,مبادئ المحاسبة 1,1.0,70.111,مبادئ الإدارة,0.6897,"name similarity 1.00 with degree-lineage link; unmet for confirmation: credits, temporal corroboration censored by the VALID end date",yes
likely_equivalent_needs_review,1365.111,رياضيات الأعمال,638,20221,False,177.111,33.111|34.111|35.111|36.111|37.111|39.111|40.111|52.111|53.111|54.111|55.111|56.111,118.111,رياضيات الأعمال,1.0,True,3.0,3.0,True,True,False,True,True,1408,20232,True,0.3071,False,True,name_exact|credits|requirement_type|degree_lineage|planned_level|predecessor_volume_collapse|volume_continuity,faculty|temporal_complementarity,1040.111,رياضيات – 1,0.7273,431.111,الرياضيات المتقطعة,0.6667,name similarity 1.00 with degree-lineage link; unmet for confirmation: temporal corroboration censored by the VALID end date,yes
likely_equivalent_needs_review,1332.111,إدارة الموارد البشرية,594,20221,False,177.111,33.111|34.111|35.111|36.111|37.111|39.111|40.111|52.111|53.111|54.111|55.111|56.111,73.111,إدارة الموارد البشرية,1.0,True,3.0,3.0,True,True,False,True,False,958,20233,True,0.2826,False,True,name_exact|credits|requirement_type|degree_lineage|predecessor_volume_collapse|volume_continuity,faculty|planned_level|temporal_complementarity,26.111,إدارة المشاريع,0.6897,191.111,ادارة موارد بشرية,1.0,name similarity 1.00 with degree-lineage link; unmet for confirmation: temporal corroboration censored by the VALID end date,yes
likely_equivalent_needs_review,1372.111,مبادئ الإدارة,579,20221,False,177.111,33.111|34.111|35.111|36.111|37.111|39.111|40.111|52.111|53.111|54.111|55.111|56.111,70.111,مبادئ الإدارة,1.0,True,2.0,3.0,False,True,False,True,True,1404,20233,True,0.2257,False,True,name_exact|requirement_type|degree_lineage|planned_level|predecessor_volume_collapse|volume_continuity,credits|faculty|temporal_complementarity,155.111,مبادئ الادارة,1.0,1.111,مبادئ المحاسبة 1,0.6897,"name similarity 1.00 with degree-lineage link; unmet for confirmation: credits, temporal corroboration censored by the VALID end date",yes
likely_equivalent_needs_review,1178.111,الدارات المنطقية,567,20221,False,167.111,26.111|27.111|29.111|30.111|31.111|45.111|46.111|47.111|48.111|49.111,434.111,الدارات المنطقية,1.0,True,4.0,3.0,False,True,False,True,False,1396,20231,True,0.0602,False,False,name_exact|requirement_type|degree_lineage|predecessor_volume_collapse|volume_continuity,credits|faculty|planned_level|temporal_complementarity,431.111,الرياضيات المتقطعة,0.6471,383.111,دارات منطقية,1.0,name similarity 1.00 with degree-lineage link; unmet for confirmation: credits,yes
unresolved,1368.111,قانون الأعمال,531,20221,False,177.111,33.111|34.111|35.111|36.111|37.111|39.111|40.111|52.111|53.111|54.111|55.111|56.111,71.111,البيئة القانونية للأعمال,0.7097,False,3.0,3.0,True,True,False,True,False,1439,20233,True,0.3476,False,True,credits|requirement_type|degree_lineage|predecessor_volume_collapse|volume_continuity,name_exact|faculty|planned_level|temporal_complementarity,118.111,رياضيات الأعمال,0.6429,74.111,إنكليزي الأعمال,0.7143,plausible but insufficient: name only 0.71 similar,yes
unresolved,1181.111,البرمجة2,517,20221,False,167.111,26.111|27.111|29.111|30.111|31.111|45.111|46.111|47.111|48.111|49.111,519.111,برمجة النظم,0.75,False,3.0,3.0,True,True,False,True,False,420,20233,False,1.6914,False,True,credits|requirement_type|degree_lineage|volume_continuity,name_exact|faculty|planned_level|predecessor_volume_collapse|temporal_complementarity,414.111,برمجة 2,1.0,514.111,البرمجة الإجرائية,0.6154,plausible but insufficient: name only 0.75 similar,yes
likely_equivalent_needs_review,1183.111,بنيان الحواسيب1,495,20221,False,167.111,26.111|27.111|29.111|30.111|31.111|45.111|46.111|47.111|48.111|49.111,510.111,بنيان الحواسيب,0.9333,False,3.0,3.0,True,True,False,True,False,1165,20233,True,0.2362,False,True,credits|requirement_type|degree_lineage|predecessor_volume_collapse|volume_continuity,name_exact|faculty|planned_level|temporal_complementarity,524.111,بيانيات الحاسوب,0.7097,466.111,شبكات الحاسوب,0.6207,name similarity 0.93 with degree-lineage link; unmet for confirmation: temporal corroboration censored by the VALID end date,yes
likely_equivalent_needs_review,1184.111,الخوارزميات وبنى المعطيات1,486,20221,False,167.111,26.111|27.111|29.111|30.111|31.111|45.111|46.111|47.111|48.111|49.111,516.111,الخوارزميات وبنى المعطيات 1,1.0,True,3.0,3.0,True,True,False,True,True,1088,20232,True,0.2776,False,True,name_exact|credits|requirement_type|degree_lineage|planned_level|predecessor_volume_collapse|volume_continuity,faculty|temporal_complementarity,522.111,الخوارزميات وبنى المعطيات 2,0.963,368.111,خوارزميات 1,0.6471,name similarity 1.00 with degree-lineage link; unmet for confirmation: temporal corroboration censored by the VALID end date,yes
likely_equivalent_needs_review,1424.111,اللغة الإنكليزية – 2,471,20232,True,2.111,35.111|40.111|41.111|42.111|44.111|45.111|46.111|47.111|48.111|49.111|50.111|52.111|53.111|54.111|55.111|56.111,836.111,اللغة الانكليزية - 2,1.0,True,3.0,3.0,True,True,False,True,True,275,20192,False,0.5,True,False,name_exact|credits|requirement_type|degree_lineage|planned_level|temporal_complementarity,faculty|predecessor_volume_collapse|volume_continuity,222.111,لغة انكليزية (2),1.0,157.111,لغة انكليزية 2,1.0,name similarity 1.00 with degree-lineage link; unmet for confirmation: ambiguous: a second candidate carries equal evidence,yes
unresolved,1185.111,أساسيات قواعد البيانات,461,20221,False,167.111,26.111|27.111|29.111|30.111|31.111|45.111|46.111|48.111|49.111,517.111,قواعد البيانات 1,0.7368,False,3.0,3.0,True,True,False,True,False,758,20233,False,0.4657,False,True,credits|requirement_type|degree_lineage|volume_continuity,name_exact|faculty|planned_level|predecessor_volume_collapse|temporal_complementarity,527.111,قواعد البيانات 2,0.7368,381.111,قواعد البيانات 1,0.7368,plausible but insufficient: name only 0.74 similar,yes
likely_equivalent_needs_review,1189.111,الخوارزميات وبنى المعطيات2,394,20221,False,167.111,26.111|27.111|29.111|30.111|31.111|45.111|49.111,522.111,الخوارزميات وبنى المعطيات 2,1.0,True,3.0,3.0,True,False,False,True,True,516,20233,False,0.5166,False,True,name_exact|credits|degree_lineage|planned_level|volume_continuity,requirement_type|faculty|predecessor_volume_collapse|temporal_complementarity,516.111,الخوارزميات وبنى المعطيات 1,0.963,443.111,خوارزميات البحث الذكية,0.6122,"name similarity 1.00 with degree-lineage link; unmet for confirmation: requirement_type, no uncensored temporal/enrolment corroboration (predecessor still running at full volume)",yes
unresolved,1374.111,مبادئ التسويق,394,20221,False,177.111,33.111|34.111|35.111|36.111|37.111|39.111|40.111|52.111|53.111|54.111|55.111|56.111,98.111,إدارة التسويق,0.7692,False,3.0,3.0,True,True,False,True,False,814,20232,False,0.6543,False,True,credits|requirement_type|degree_lineage|volume_continuity,name_exact|faculty|planned_level|predecessor_volume_collapse|temporal_complementarity,97.111,مدخل إلى التسويق,0.7826,1.111,مبادئ المحاسبة 1,0.6207,plausible but insufficient: name only 0.77 similar,yes
likely_equivalent_needs_review,1182.111,الإحصاء والاحتمالات,378,20221,False,167.111,26.111|27.111|29.111|30.111|31.111|45.111|46.111|47.111|48.111|49.111,504.111,الإحصاء والاحتمالات,1.0,True,3.0,3.0,True,True,False,True,False,886,20232,True,0.2727,False,True,name_exact|credits|requirement_type|degree_lineage|predecessor_volume_collapse|volume_continuity,faculty|planned_level|temporal_complementarity,424.111,الأحصاء والأحتمالات,1.0,846.111,الاحصاء والاحتمالات,1.0,name similarity 1.00 with degree-lineage link; unmet for confirmation: temporal corroboration censored by the VALID end date,yes
likely_equivalent_needs_review,1282.111,الاقتصاد الجزئي,373,20222,False,177.111,33.111|34.111|35.111|36.111|37.111|39.111|40.111|52.111|53.111|54.111|55.111|56.111,45.111,الاقتصاد الجزئي,1.0,True,2.0,3.0,False,True,False,True,True,738,20233,False,0.8075,False,True,name_exact|requirement_type|degree_lineage|planned_level|volume_continuity,credits|faculty|predecessor_volume_collapse|temporal_complementarity,48.111,الاقتصاد الكلي,0.8276,312.111,علم الإحصاء الحيوي,0.625,"name similarity 1.00 with degree-lineage link; unmet for confirmation: credits, no uncensored temporal/enrolment corroboration (predecessor still running at full volume)",yes
likely_equivalent_needs_review,1187.111,نظرية الحوسبة,371,20221,False,167.111,26.111|27.111|29.111|30.111|31.111|46.111|48.111,521.111,نظرية الحوسبة,1.0,True,3.0,3.0,True,False,False,True,True,483,20233,False,0.987,False,True,name_exact|credits|degree_lineage|planned_level|volume_continuity,requirement_type|faculty|predecessor_volume_collapse|temporal_complementarity,510.111,بنيان الحواسيب,0.6667,437.111,نظرية المعلومات,0.6429,"name similarity 1.00 with degree-lineage link; unmet for confirmation: requirement_type, no uncensored temporal/enrolment corroboration (predecessor still running at full volume)",yes
unresolved,1191.111,تراسل البيانات,355,20221,False,167.111,26.111|27.111|29.111|30.111|31.111,512.111,تراسل المعطيات,0.7857,False,3.0,3.0,True,True,False,True,False,696,20233,False,0.7665,False,True,credits|requirement_type|degree_lineage|volume_continuity,name_exact|faculty|planned_level|predecessor_volume_collapse|temporal_complementarity,517.111,قواعد البيانات 1,0.6667,527.111,قواعد البيانات 2,0.6667,plausible but insufficient: name only 0.79 similar,yes
unresolved,1188.111,مدخل إلى هندسة البرمجيات,324,20221,False,167.111,26.111|27.111|29.111|30.111|31.111,532.111,هندسة البرمجيات,0.7879,False,3.0,3.0,True,False,False,True,False,225,20233,False,1.9795,False,True,credits|degree_lineage|volume_continuity,name_exact|requirement_type|faculty|planned_level|predecessor_volume_collapse|temporal_complementarity,420.111,هندسة البرمجيات  1,0.7429,422.111,هندسة البرمجيات 3,0.7429,plausible but insufficient: requirement type differs; name only 0.79 similar,yes
likely_equivalent_needs_review,1195.111,نظرية المعلومات,316,20221,False,167.111,26.111|27.111|29.111|30.111|31.111|45.111|46.111|47.111|49.111,437.111,نظرية المعلومات,1.0,True,3.0,3.0,True,True,False,True,True,650,20233,False,0.622,False,True,name_exact|credits|requirement_type|degree_lineage|planned_level|volume_continuity,faculty|predecessor_volume_collapse|temporal_complementarity,529.111,أمن نظم المعلومات,0.75,521.111,نظرية الحوسبة,0.6429,name similarity 1.00 with degree-lineage link; unmet for confirmation: no uncensored temporal/enrolment corroboration (predecessor still running at full volume),yes
likely_equivalent_needs_review,1429.111,علم البيئة,308,20231,False,2.111,40.111|41.111|42.111|44.111|45.111|47.111|49.111|50.111|52.111|53.111|54.111|55.111|56.111,1021.111,علم البيئة,1.0,True,2.0,2.0,True,True,False,True,False,6026,20233,False,0.6745,False,True,name_exact|credits|requirement_type|degree_lineage,faculty|planned_level|predecessor_volume_collapse|temporal_complementarity|volume_continuity,1020.111,علم الإدارة,0.6667,309.111,علم الأدوية,0.7619,name similarity 1.00 with degree-lineage link; unmet for confirmation: no uncensored temporal/enrolment corroboration (predecessor still running at full volume),yes
likely_equivalent_needs_review,1190.111,المعادلات التفاضلية والتحويلات,305,20221,False,167.111,26.111|27.111|29.111|30.111|31.111|45.111|46.111,426.111,المعادلات التفاضلية والتحويلات,1.0,True,3.0,3.0,True,False,False,True,True,292,20231,False,1.0294,False,False,name_exact|credits|degree_lineage|planned_level,requirement_type|faculty|predecessor_volume_collapse|temporal_complementarity|volume_continuity,511.111,المعالجات الصغرية ولغة التجميع,0.6333,474.111,الاتصالات النقالة واللاسلكية,0.6207,"name similarity 1.00 with degree-lineage link; unmet for confirmation: requirement_type, no uncensored temporal/enrolment corroboration (predecessor still running at full volume)",yes
likely_equivalent_needs_review,1376.111,مبادئ المحاسبة2,292,20222,False,177.111,33.111|34.111|35.111|36.111|37.111|39.111|40.111|52.111|53.111|54.111|55.111|56.111,2.111,مبادئ المحاسبة 2,1.0,True,2.0,3.0,False,True,False,True,False,984,20233,False,0.432,False,True,name_exact|requirement_type|degree_lineage|volume_continuity,credits|faculty|planned_level|predecessor_volume_collapse|temporal_complementarity,161.111,مبادئ محاسبة 2,1.0,70.111,مبادئ الإدارة,0.6897,"name similarity 1.00 with degree-lineage link; unmet for confirmation: credits, no uncensored temporal/enrolment corroboration (predecessor still running at full volume)",yes
unresolved,1186.111,البرمجة3,277,20221,False,167.111,26.111|27.111|29.111|30.111|31.111,519.111,برمجة النظم,0.75,False,3.0,3.0,True,True,False,True,False,420,20233,False,1.6914,False,True,credits|requirement_type|degree_lineage|volume_continuity,name_exact|faculty|planned_level|predecessor_volume_collapse|temporal_complementarity,415.111,برمجة 3,1.0,514.111,البرمجة الإجرائية,0.6154,plausible but insufficient: name only 0.75 similar,yes
likely_equivalent_needs_review,1192.111,بنيان الحواسيب2,272,20221,False,167.111,26.111|27.111|29.111|30.111|31.111,510.111,بنيان الحواسيب,0.9333,False,3.0,3.0,True,True,False,True,False,1165,20233,True,0.2362,False,True,credits|requirement_type|degree_lineage|predecessor_volume_collapse|volume_continuity,name_exact|faculty|planned_level|temporal_complementarity,524.111,بيانيات الحاسوب,0.7097,466.111,شبكات الحاسوب,0.6207,name similarity 0.93 with degree-lineage link; unmet for confirmation: temporal corroboration censored by the VALID end date,yes
unresolved,1309.111,إحصاء الاعمال1,268,20222,False,177.111,33.111|34.111|35.111|36.111|37.111|39.111|40.111|52.111|53.111|54.111|55.111|56.111,120.111,إحصاء الأعمال والاقتصاد,0.7222,False,3.0,3.0,True,True,False,True,True,903,20233,False,0.5892,False,True,credits|requirement_type|degree_lineage|planned_level|volume_continuity,name_exact|faculty|predecessor_volume_collapse|temporal_complementarity,118.111,رياضيات الأعمال,0.6897,504.111,الإحصاء والاحتمالات,0.6875,plausible but insufficient: name only 0.72 similar,yes
likely_equivalent_needs_review,1373.111,مبادئ الإدارة المالية,254,20222,False,177.111,33.111|34.111|35.111|36.111|37.111|39.111|40.111|52.111|53.111|54.111|55.111|56.111,44.111,مبادئ الإدارة المالية,1.0,True,2.0,3.0,False,True,False,True,False,1025,20233,False,0.4421,False,True,name_exact|requirement_type|degree_lineage|volume_continuity,credits|faculty|planned_level|predecessor_volume_collapse|temporal_complementarity,26.111,إدارة المشاريع,0.6286,73.111,إدارة الموارد البشرية,0.619,"name similarity 1.00 with degree-lineage link; unmet for confirmation: credits, no uncensored temporal/enrolment corroboration (predecessor still running at full volume)",yes
likely_equivalent_needs_review,1237.111,نظم قواعد البيانات,237,20221,False,167.111,26.111|27.111|29.111,527.111,قواعد البيانات 2,0.8235,False,3.0,3.0,True,True,False,True,False,341,20233,False,1.3775,False,True,credits|requirement_type|degree_lineage|volume_continuity,name_exact|faculty|planned_level|predecessor_volume_collapse|temporal_complementarity,381.111,قواعد البيانات 1,0.8235,382.111,قواعد البيانات 2,0.8235,name similarity 0.82 with degree-lineage link; unmet for confirmation: no uncensored temporal/enrolment corroboration (predecessor still running at full volume),yes
unresolved,1193.111,نظم التشغيل1,223,20221,False,167.111,26.111|27.111|29.111|30.111|31.111,528.111,نظم التشغيل,0.9167,False,3.0,3.0,True,False,False,True,False,183,20233,False,2.9062,False,True,credits|degree_lineage|volume_continuity,name_exact|requirement_type|faculty|planned_level|predecessor_volume_collapse|temporal_complementarity,407.111,نظم التشغيل,0.9167,535.111,نظم التشغيل الموزعة,0.7692,plausible but insufficient: requirement type differs; name only 0.92 similar,yes
likely_equivalent_needs_review,1194.111,مدخل إلى الذكاء الصنعي,213,20221,False,167.111,26.111|27.111|29.111|30.111|31.111,435.111,مقدمة في الذكاء الصنعي,0.8125,False,3.0,3.0,True,True,False,True,True,746,20233,False,0.4861,False,True,credits|requirement_type|degree_lineage|planned_level|volume_continuity,name_exact|faculty|predecessor_volume_collapse|temporal_complementarity,412.111,مبادئ الذكاء الصنعي,0.8276,445.111,مدخل إلى الروبوتية,0.6154,name similarity 0.81 with degree-lineage link; unmet for confirmation: no uncensored temporal/enrolment corroboration (predecessor still running at full volume),yes
likely_equivalent_needs_review,1346.111,بحوث العمليات,190,20223,False,177.111,33.111|34.111|35.111|36.111|37.111|39.111|40.111|52.111|53.111|54.111|55.111|56.111,122.111,بحوث العمليات,1.0,True,3.0,3.0,True,False,False,True,True,257,20233,False,1.55,False,True,name_exact|credits|degree_lineage|planned_level|volume_continuity,requirement_type|faculty|predecessor_volume_collapse|temporal_complementarity,518.111,بحوث العمليات,1.0,205.111,بحوث العمليات,1.0,"name similarity 1.00 with degree-lineage link; unmet for confirmation: requirement_type, no uncensored temporal/enrolment corroboration (predecessor still running at full volume)",yes
likely_equivalent_needs_review,1164.111,التحليل العددي,185,20221,False,167.111,26.111|27.111|29.111|30.111|31.111,503.111,التحليل العددي,1.0,True,3.0,3.0,True,True,False,True,True,1031,20232,True,0.1935,False,True,name_exact|credits|requirement_type|degree_lineage|planned_level|predecessor_volume_collapse,faculty|temporal_complementarity|volume_continuity,502.111,التحليل الرياضي 1,0.7097,433.111,التحليل الرياضي 2,0.7097,name similarity 1.00 with degree-lineage link; unmet for confirmation: temporal corroboration censored by the VALID end date,yes
likely_equivalent_needs_review,1425.111,مدخل الى القانون,185,20231,False,2.111,40.111|41.111|42.111|44.111|46.111|49.111|50.111|53.111|54.111|55.111,1019.111,مدخل الى القانون,1.0,True,2.0,2.0,True,True,False,True,False,4065,20233,False,0.9825,False,True,name_exact|credits|requirement_type|degree_lineage,faculty|planned_level|predecessor_volume_collapse|temporal_complementarity|volume_continuity,152.111,مدخل الى القانون,1.0,97.111,مدخل إلى التسويق,0.75,name similarity 1.00 with degree-lineage link; unmet for confirmation: no uncensored temporal/enrolment corroboration (predecessor still running at full volume),yes
unresolved,1371.111,مبادئ الاقتصاد,168,20221,False,177.111,33.111|34.111|35.111|36.111|37.111|39.111|40.111|52.111|53.111|54.111|55.111|56.111,154.111,مبادئ المحاسبة 1,0.6,False,3.0,3.0,True,False,False,True,True,222,20141,False,,True,False,credits|degree_lineage|planned_level|temporal_complementarity,name_exact|requirement_type|faculty|predecessor_volume_collapse|volume_continuity,70.111,مبادئ الإدارة,0.7407,188.111,دراسات الجدوى الاقتصادية,0.6316,plausible but insufficient: requirement type differs; name only 0.60 similar,yes
unresolved,1327.111,إدارة العمليات والإنتاج,161,20222,False,177.111,33.111|34.111|35.111|36.111|37.111|39.111|40.111|52.111|53.111|54.111|55.111|56.111,120.111,إحصاء الأعمال والاقتصاد,0.6667,False,3.0,3.0,True,True,False,True,False,903,20233,False,0.5892,False,True,credits|requirement_type|degree_lineage,name_exact|faculty|planned_level|predecessor_volume_collapse|temporal_complementarity|volume_continuity,75.111,أخلاقيات العمل والاستدامة,0.625,197.111,ادارة المؤسسات المالية,0.6667,plausible but insufficient: name only 0.67 similar,yes
unresolved,1405.111,مناهج البحث العلمي,153,20232,True,177.111,33.111|34.111|35.111|36.111|37.111|39.111|40.111|52.111|53.111|55.111|56.111,171.111,منهج البحث العلمي,0.9714,False,4.0,3.0,False,False,False,True,True,98,20142,False,,True,False,degree_lineage|planned_level|temporal_complementarity,name_exact|credits|requirement_type|faculty|predecessor_volume_collapse|volume_continuity,443.111,خوارزميات البحث الذكية,0.6,395.111,نظم البحث عن المعلومات,0.65,plausible but insufficient: credits differ (4.0 -> 3.0); requirement type differs; name only 0.97 similar; debut in 20232/20233 - censored,yes
likely_equivalent_needs_review,1196.111,شبكات الحاسوب,149,20221,False,167.111,26.111|27.111|29.111|30.111|31.111,466.111,شبكات الحاسوب,1.0,True,3.0,3.0,True,False,False,True,False,548,20233,False,0.7071,False,True,name_exact|credits|degree_lineage|volume_continuity,requirement_type|faculty|planned_level|predecessor_volume_collapse|temporal_complementarity,510.111,بنيان الحواسيب,0.6667,524.111,بيانيات الحاسوب,0.7857,"name similarity 1.00 with degree-lineage link; unmet for confirmation: requirement_type, no uncensored temporal/enrolment corroboration (predecessor still running at full volume)",yes
likely_equivalent_needs_review,1235.111,تصميم المترجمات,140,20221,False,167.111,26.111|27.111|29.111,523.111,تصميم المترجمات,1.0,True,3.0,3.0,True,True,False,True,False,319,20233,False,0.7766,False,True,name_exact|credits|requirement_type|degree_lineage|volume_continuity,faculty|planned_level|predecessor_volume_collapse|temporal_complementarity,376.111,المترجمات,0.75,868.111,تصميم معدات حفر,0.6429,name similarity 1.00 with degree-lineage link; unmet for confirmation: no uncensored temporal/enrolment corroboration (predecessor still running at full volume),yes
confirmed_equivalent,1201.111,الرياضيات الترميمية,122,20221,False,167.111,26.111|27.111|29.111|30.111|31.111|45.111|46.111|47.111|48.111|49.111,1036.111,رياضيات ترميمية,1.0,True,4.0,4.0,True,True,False,True,False,71,20212,True,0.0,True,False,name_exact|credits|requirement_type|degree_lineage|predecessor_volume_collapse|temporal_complementarity|volume_continuity,faculty|planned_level,434.111,الدارات المنطقية,0.6286,427.111,الدارات الكهربائية 1,0.6154,"exact normalized name, equal credits (4.0) and requirement type, degree-lineage link, and predecessor enrolment collapsed to 0% of its final TRAIN year",yes
unresolved,1357.111,تقييم المشروعات ودراسات الجدوى الاقتصادية,115,20231,False,177.111,33.111|34.111|35.111|36.111|37.111|39.111|52.111|53.111|54.111,188.111,دراسات الجدوى الاقتصادية,0.7385,False,3.0,3.0,True,False,False,True,False,95,20153,False,,True,False,credits|degree_lineage|temporal_complementarity,name_exact|requirement_type|faculty|planned_level|predecessor_volume_collapse|volume_continuity,,,,,,,plausible but insufficient: requirement type differs; name only 0.74 similar,yes
unresolved,1236.111,بنيان البرمجيات,113,20222,False,167.111,26.111,532.111,هندسة البرمجيات,0.7333,False,3.0,3.0,True,True,False,True,False,225,20233,False,1.9795,False,True,credits|requirement_type|degree_lineage|volume_continuity,name_exact|faculty|planned_level|predecessor_volume_collapse|temporal_complementarity,420.111,هندسة البرمجيات  1,0.6875,422.111,هندسة البرمجيات 3,0.6875,plausible but insufficient: name only 0.73 similar,yes
unresolved,1204.111,مدخل إلى تعلم الآلة,112,20221,False,167.111,26.111|27.111|29.111|30.111,445.111,مدخل إلى الروبوتية,0.6486,False,3.0,3.0,True,True,False,True,False,3,,False,,False,False,credits|requirement_type|degree_lineage,name_exact|faculty|planned_level|predecessor_volume_collapse|temporal_complementarity|volume_continuity,452.111,تعلم الآلة,0.6957,14.111,تحليل القوائم المالية,0.6,plausible but insufficient: name only 0.65 similar,yes
likely_equivalent_needs_review,1166.111,إدارة المشاريع,112,20221,False,167.111,26.111|27.111|29.111|30.111|49.111,505.111,إدارة المشاريع,1.0,True,2.0,2.0,True,True,False,True,False,624,20233,False,0.547,False,True,name_exact|credits|requirement_type|degree_lineage|volume_continuity,faculty|planned_level|predecessor_volume_collapse|temporal_complementarity,418.111,إدارة المشاريع,1.0,509.111,إدارة المؤسسات,0.7143,name similarity 1.00 with degree-lineage link; unmet for confirmation: no uncensored temporal/enrolment corroboration (predecessor still running at full volume),yes
likely_equivalent_needs_review,1283.111,الاقتصاد الكلي,109,20223,False,177.111,33.111|34.111|35.111|36.111|37.111|39.111|52.111|53.111|54.111|55.111,48.111,الاقتصاد الكلي,1.0,True,2.0,3.0,False,True,False,True,True,550,20233,False,1.0085,False,True,name_exact|requirement_type|degree_lineage|planned_level|volume_continuity,credits|faculty|predecessor_volume_collapse|temporal_complementarity,76.111,الإدارة الدولية,0.6207,46.111,الأعمال الدولية,0.6207,"name similarity 1.00 with degree-lineage link; unmet for confirmation: credits, no uncensored temporal/enrolment corroboration (predecessor still running at full volume)",yes
unresolved,1303.111,المالية العامة,105,20222,False,177.111,33.111|34.111|35.111|36.111|37.111|39.111|40.111|55.111,182.111,مالية عامة,1.0,True,2.0,3.0,False,False,False,True,False,83,20152,False,,True,False,name_exact|degree_lineage|temporal_complementarity,credits|requirement_type|faculty|planned_level|predecessor_volume_collapse|volume_continuity,59.111,المالية العامة,1.0,46.111,الأعمال الدولية,0.6207,plausible but insufficient: credits differ (2.0 -> 3.0); requirement type differs,yes
likely_equivalent_needs_review,1385.111,محاسبة شركات أشخاص,104,20223,False,177.111,33.111|34.111|35.111|36.111|37.111|39.111|52.111,3.111,محاسبة شركات الاشخاص,1.0,True,3.0,3.0,True,True,False,True,False,383,20232,False,1.2731,False,True,name_exact|credits|requirement_type|degree_lineage|volume_continuity,faculty|planned_level|predecessor_volume_collapse|temporal_complementarity,22.111,محاسبة شركات الأموال,0.8333,174.111,محاسبة شركات 2,0.8125,name similarity 1.00 with degree-lineage link; unmet for confirmation: no uncensored temporal/enrolment corroboration (predecessor still running at full volume),yes
unresolved,1412.111,نظم المعلومات الإدارية,91,20222,False,177.111,33.111|34.111|35.111|36.111|37.111|39.111|54.111,545.111,نظم المعلومات الإدارية,1.0,True,3.0,3.0,True,False,False,False,False,135,20233,False,1.7907,False,True,name_exact|credits|volume_continuity,requirement_type|faculty|degree_lineage|planned_level|predecessor_volume_collapse|temporal_complementarity,121.111,نظم المعلومات الإدارية 1,0.9565,195.111,نظم المعلومات الادارية,1.0,plausible but insufficient: no degree-lineage link to the candidate's degrees; requirement type differs,yes
likely_equivalent_needs_review,1246.111,قواعد البيانات المتقدمة,90,20221,False,167.111,26.111|27.111,533.111,قواعد البيانات المتقدمة,1.0,True,3.0,3.0,True,False,False,True,True,223,20233,False,3.9091,False,True,name_exact|credits|degree_lineage|planned_level|volume_continuity,requirement_type|faculty|predecessor_volume_collapse|temporal_complementarity,367.111,قواعد بيانات متقدمة,1.0,527.111,قواعد البيانات 2,0.7879,"name similarity 1.00 with degree-lineage link; unmet for confirmation: requirement_type, no uncensored temporal/enrolment corroboration (predecessor still running at full volume)",yes
likely_equivalent_needs_review,1426.111,علم الاجتماع,87,20231,False,4.111,40.111|41.111|42.111|44.111|45.111|46.111|50.111|52.111|53.111|54.111|55.111|56.111,1018.111,علم اجتماع,1.0,True,2.0,2.0,True,True,False,True,False,2831,20233,False,0.527,False,True,name_exact|credits|requirement_type|degree_lineage,faculty|planned_level|predecessor_volume_collapse|temporal_complementarity|volume_continuity,1020.111,علم الإدارة,0.6957,984.111,علم الأمراض,0.7826,name similarity 1.00 with degree-lineage link; unmet for confirmation: no uncensored temporal/enrolment corroboration (predecessor still running at full volume),yes
unresolved,489.111,الآلات الكهربائية,84,20221,False,5.111,5.111|6.111,468.111,الاتصالات الضوئية,0.7059,False,3.0,3.0,True,True,True,True,False,191,20232,False,0.5109,False,True,credits|requirement_type|faculty|degree_lineage|volume_continuity,name_exact|planned_level|predecessor_volume_collapse|temporal_complementarity,473.111,الاتصالات الساتلية,0.6857,465.111,نظرية الحقول الكهرطيسية,0.6,plausible but insufficient: name only 0.71 similar,yes
unresolved,1197.111,تطبيقات,84,20222,False,167.111,26.111|27.111|29.111|30.111,540.111,تطبيقات إنترنت,0.6667,False,3.0,2.0,False,False,False,True,False,77,20232,False,3.2037,False,True,degree_lineage|volume_continuity,name_exact|credits|requirement_type|faculty|planned_level|predecessor_volume_collapse|temporal_complementarity,397.111,تطبيقات أنترنت,0.6667,,,,plausible but insufficient: credits differ (3.0 -> 2.0); requirement type differs; name only 0.67 similar,yes
unresolved,1203.111,نظرية الألعاب,81,20231,False,167.111,27.111|29.111,521.111,نظرية الحوسبة,0.6923,False,3.0,3.0,True,True,False,True,False,483,20233,False,0.987,False,True,credits|requirement_type|degree_lineage,name_exact|faculty|planned_level|predecessor_volume_collapse|temporal_complementarity|volume_continuity,24.111,نظرية المحاسبة,0.7407,437.111,نظرية المعلومات,0.6429,plausible but insufficient: name only 0.69 similar,yes
unresolved,1163.111,الإنكليزية للمهندسين,76,20222,False,167.111,26.111|27.111|29.111|30.111|31.111,1080.111,لغة انكليزية لمهندسي البترول,0.7273,False,2.0,2.0,True,True,False,False,False,40,20233,False,2.22,False,True,credits|requirement_type|volume_continuity,name_exact|faculty|degree_lineage|planned_level|predecessor_volume_collapse|temporal_complementarity,,,,,,,plausible but insufficient: no degree-lineage link to the candidate's degrees; name only 0.73 similar,yes
genuinely_new,1238.111,النظم الموزعة والحوسبة السحابية,63,20222,False,167.111,26.111|27.111|29.111|31.111,,,,,,,,,,,,,,,,,,,,,,,,,,no TRAIN course reaches the plausibility bar on normalized name similarity in any degree,yes
likely_equivalent_needs_review,1205.111,معالجة الصور وتحليلها,55,20221,False,167.111,26.111|27.111,451.111,معالجة الصور وتحليلها,1.0,True,3.0,3.0,True,False,False,True,True,57,20232,False,8.0,False,True,name_exact|credits|degree_lineage|planned_level,requirement_type|faculty|predecessor_volume_collapse|temporal_complementarity|volume_continuity,460.111,معالجة الإشارة الرقمية,0.6512,405.111,معالجات صغرية,0.625,"name similarity 1.00 with degree-lineage link; unmet for confirmation: requirement_type, no uncensored temporal/enrolment corroboration (predecessor still running at full volume)",yes
unresolved,1272.111,أمن نظم قواعد البيانات,54,20231,False,167.111,26.111|27.111|29.111,382.111,قواعد البيانات 2,0.7368,False,3.0,3.0,True,True,False,True,True,50,20133,False,,True,False,credits|requirement_type|degree_lineage|planned_level|temporal_complementarity,name_exact|faculty|predecessor_volume_collapse|volume_continuity,527.111,قواعد البيانات 2,0.7368,381.111,قواعد البيانات 1,0.7368,plausible but insufficient: name only 0.74 similar,yes
unresolved,103.111,تسويق الخدمات,54,20221,False,7.111,7.111,507.111,التسويق,0.625,False,2.0,3.0,False,False,False,False,True,162,20192,False,,True,False,planned_level|temporal_complementarity,name_exact|credits|requirement_type|faculty|degree_lineage|predecessor_volume_collapse|volume_continuity,399.111,التسويق,0.625,,,,plausible but insufficient: no degree-lineage link to the candidate's degrees; credits differ (2.0 -> 3.0); requirement type differs; name only 0.62 similar,yes
likely_equivalent_needs_review,1409.111,نظرية المحاسبة,52,20232,True,177.111,33.111|34.111|35.111|36.111|37.111|39.111|40.111|52.111|54.111|55.111|56.111,24.111,نظرية المحاسبة,1.0,True,3.0,3.0,True,False,False,True,False,84,20233,False,5.35,False,True,name_exact|credits|degree_lineage|volume_continuity,requirement_type|faculty|planned_level|predecessor_volume_collapse|temporal_complementarity,154.111,مبادئ المحاسبة 1,0.6667,465.111,نظرية الحقول الكهرطيسية,0.6486,"name similarity 1.00 with degree-lineage link; unmet for confirmation: requirement_type, no uncensored temporal/enrolment corroboration (predecessor still running at full volume)",yes
unresolved,104.111,إدارة النقل,51,20222,False,7.111,7.111,81.111,إدارة التغيير,0.6667,False,3.0,3.0,True,True,True,False,False,175,20232,False,1.8636,False,True,credits|requirement_type|faculty|volume_continuity,name_exact|degree_lineage|planned_level|predecessor_volume_collapse|temporal_complementarity,92.111,إدارة التفاوض,0.6667,86.111,إدارة المعرفة,0.6667,plausible but insufficient: no degree-lineage link to the candidate's degrees; name only 0.67 similar,yes
unresolved,101.111,إدارة المشتريات والتخزين,50,20221,False,7.111,7.111,84.111,إدارة استراتيجية,0.6,False,3.0,3.0,True,True,True,False,False,177,20233,False,1.0083,False,True,credits|requirement_type|faculty|volume_continuity,name_exact|degree_lineage|planned_level|predecessor_volume_collapse|temporal_complementarity,54.111,ادارة عمليات التامين,0.7273,56.111,ادارة الاستثمار والتمويل,0.6667,plausible but insufficient: no degree-lineage link to the candidate's degrees; name only 0.60 similar,yes
unresolved,106.111,إدارة العلاقة مع الزبائن,49,20222,False,7.111,7.111,54.111,ادارة عمليات التامين,0.6842,False,3.0,3.0,True,True,True,False,True,62,20232,False,,False,True,credits|requirement_type|faculty|planned_level,name_exact|degree_lineage|predecessor_volume_collapse|temporal_complementarity|volume_continuity,73.111,إدارة الموارد البشرية,0.6222,80.111,الإدارة العامة,0.6,plausible but insufficient: no degree-lineage link to the candidate's degrees; name only 0.68 similar,yes
unresolved,105.111,ادارة  الترويج والاعلان,48,20222,False,7.111,7.111,56.111,ادارة الاستثمار والتمويل,0.6522,False,3.0,3.0,True,True,True,False,True,53,20231,False,1.7857,False,False,credits|requirement_type|faculty|planned_level,name_exact|degree_lineage|predecessor_volume_collapse|temporal_complementarity|volume_continuity,197.111,ادارة المؤسسات المالية,0.6364,98.111,إدارة التسويق,0.6286,plausible but insufficient: no degree-lineage link to the candidate's degrees; name only 0.65 similar,yes
unresolved,99.111,سلوك المستهلك,46,20221,False,7.111,7.111,933.111,السلوك المهني,0.7,False,2.0,3.0,False,False,False,False,False,1,,False,,False,False,,name_exact|credits|requirement_type|faculty|degree_lineage|planned_level|predecessor_volume_collapse|temporal_complementarity|volume_continuity,,,,,,,plausible but insufficient: no degree-lineage link to the candidate's degrees; credits differ (2.0 -> 3.0); requirement type differs; name only 0.70 similar,yes
unresolved,107.111,تصميم المنتج والتسعير,46,20222,False,7.111,7.111,523.111,تصميم المترجمات,0.7222,False,3.0,3.0,True,True,False,False,False,319,20233,False,0.7766,False,True,credits|requirement_type,name_exact|faculty|degree_lineage|planned_level|predecessor_volume_collapse|temporal_complementarity|volume_continuity,483.111,التصميم الرقمي المتقدم,0.6047,864.111,تصميم الابار,0.6061,plausible but insufficient: no degree-lineage link to the candidate's degrees; name only 0.72 similar,yes
unresolved,1269.111,أساسيات أمن الحواسيب,44,20223,False,167.111,29.111,380.111,البيانيات والرسم بمعونة الحاسب,0.64,False,3.0,3.0,True,True,False,True,False,65,20102,False,,True,False,credits|requirement_type|degree_lineage|temporal_complementarity,name_exact|faculty|planned_level|predecessor_volume_collapse|volume_continuity,524.111,بيانيات الحاسوب,0.6286,510.111,بنيان الحواسيب,0.7059,plausible but insufficient: name only 0.64 similar,yes
unresolved,1239.111,تصميم نظم البرمجيات,41,20231,False,167.111,26.111,523.111,تصميم المترجمات,0.7333,False,3.0,3.0,True,True,False,True,True,319,20233,False,0.7766,False,True,credits|requirement_type|degree_lineage|planned_level,name_exact|faculty|predecessor_volume_collapse|temporal_complementarity|volume_continuity,532.111,هندسة البرمجيات,0.6471,420.111,هندسة البرمجيات  1,0.6111,plausible but insufficient: name only 0.73 similar,yes
genuinely_new,1428.111,اساسيات الإدارة ومهاراتها,41,20231,False,3.111,40.111|42.111|44.111|50.111|53.111|55.111|56.111,,,,,,,,,,,,,,,,,,,,,,,,,,no TRAIN course reaches the plausibility bar on normalized name similarity in any degree,yes
likely_equivalent_needs_review,1217.111,الدارات الإلكترونية1,37,20221,False,167.111,30.111|31.111|45.111|49.111,430.111,الدارات الإلكترونية 1,1.0,True,3.0,3.0,True,True,False,True,True,216,20232,False,0.8125,False,True,name_exact|credits|requirement_type|degree_lineage|planned_level|volume_continuity,faculty|predecessor_volume_collapse|temporal_complementarity,427.111,الدارات الكهربائية 1,0.7317,459.111,الدارات الإلكترونية 2,0.9524,name similarity 1.00 with degree-lineage link; unmet for confirmation: no uncensored temporal/enrolment corroboration (predecessor still running at full volume),yes
likely_equivalent_needs_review,1249.111,نظم المعلومات الإدارية,32,20231,False,167.111,26.111|27.111,545.111,نظم المعلومات الإدارية,1.0,True,3.0,3.0,True,True,False,True,False,135,20233,False,1.7907,False,True,name_exact|credits|requirement_type|degree_lineage|volume_continuity,faculty|planned_level|predecessor_volume_collapse|temporal_complementarity,529.111,أمن نظم المعلومات,0.6667,419.111,أمن نظم المعلومات,0.6667,name similarity 1.00 with degree-lineage link; unmet for confirmation: no uncensored temporal/enrolment corroboration (predecessor still running at full volume),yes
unresolved,102.111,التسويق المباشر,32,20221,False,7.111,7.111,23.111,التدقيق الداخلي,0.6,False,3.0,3.0,True,True,True,False,False,84,20233,False,4.0,False,True,credits|requirement_type|faculty|volume_continuity,name_exact|degree_lineage|planned_level|predecessor_volume_collapse|temporal_complementarity,399.111,التسويق,0.6364,507.111,التسويق,0.6364,plausible but insufficient: no degree-lineage link to the candidate's degrees; name only 0.60 similar,yes
unresolved,109.111,إدارة التجزئة,32,20231,False,7.111,7.111,92.111,إدارة التفاوض,0.6923,False,3.0,3.0,True,False,True,True,True,164,20232,False,1.3511,False,True,credits|faculty|degree_lineage|planned_level|volume_continuity,name_exact|requirement_type|predecessor_volume_collapse|temporal_complementarity,86.111,إدارة المعرفة,0.6923,81.111,إدارة التغيير,0.7692,plausible but insufficient: requirement type differs; name only 0.69 similar,yes
unresolved,1241.111,إدارة المشاريع البرمجية,30,20232,True,167.111,26.111,418.111,إدارة المشاريع,0.7742,False,2.0,3.0,False,True,False,True,True,43,20131,False,,True,False,requirement_type|degree_lineage|planned_level|temporal_complementarity,name_exact|credits|faculty|predecessor_volume_collapse|volume_continuity,56.111,ادارة الاستثمار والتمويل,0.6809,79.111,تنمية الموارد البشرية,0.6364,plausible but insufficient: credits differ (2.0 -> 3.0); name only 0.77 similar; debut in 20232/20233 - censored,yes
unresolved,1244.111,إدارة تشكيلة البرمجيات,29,20231,False,167.111,26.111,420.111,هندسة البرمجيات  1,0.6154,False,3.0,3.0,True,True,False,True,True,39,20141,False,,True,False,credits|requirement_type|degree_lineage|planned_level|temporal_complementarity,name_exact|faculty|predecessor_volume_collapse|volume_continuity,532.111,هندسة البرمجيات,0.6486,422.111,هندسة البرمجيات 3,0.6154,plausible but insufficient: name only 0.62 similar,yes
likely_equivalent_needs_review,1216.111,الإشارات والنظم,27,20221,False,167.111,29.111|30.111|31.111,458.111,الإشارات والنظم,1.0,True,3.0,3.0,True,True,False,True,True,260,20232,False,0.5152,False,True,name_exact|credits|requirement_type|degree_lineage|planned_level|volume_continuity,faculty|predecessor_volume_collapse|temporal_complementarity,463.111,الاتصالات الرقمية,0.625,478.111,الدارات والنظم المكروية,0.6875,name similarity 1.00 with degree-lineage link; unmet for confirmation: no uncensored temporal/enrolment corroboration (predecessor still running at full volume),yes
unresolved,1427.111,مهارات التفكير والبحث العلمي,26,20231,False,3.111,40.111|41.111|42.111|44.111|50.111|52.111|53.111,1016.111,المنطق والتفكير العلمي,0.64,False,2.0,2.0,True,True,True,True,True,3238,20233,False,1.3583,False,True,credits|requirement_type|faculty|degree_lineage|planned_level,name_exact|predecessor_volume_collapse|temporal_complementarity|volume_continuity,567.111,التفكير العلمي,0.6667,662.111,مهارات التواصل,0.619,plausible but insufficient: name only 0.64 similar,yes
likely_equivalent_needs_review,1198.111,مشروع فصلي,25,20231,False,167.111,26.111|27.111|29.111|30.111,471.111,مشروع  فصلي,1.0,True,3.0,3.0,True,False,False,True,True,165,20232,False,1.0185,False,True,name_exact|credits|degree_lineage|planned_level|volume_continuity,requirement_type|faculty|predecessor_volume_collapse|temporal_complementarity,538.111,مشروع  فصلي,1.0,486.111,مشروع  فصلي,1.0,"name similarity 1.00 with degree-lineage link; unmet for confirmation: requirement_type, no uncensored temporal/enrolment corroboration (predecessor still running at full volume)",yes
unresolved,116.111,اتخاذ القرار اللوجستي,25,20231,False,7.111,7.111,95.111,اتخاذ القرار وإدارة الأزمات,0.6667,False,3.0,3.0,True,True,True,False,True,141,20232,False,1.2683,False,True,credits|requirement_type|faculty|planned_level|volume_continuity,name_exact|degree_lineage|predecessor_volume_collapse|temporal_complementarity,,,,,,,plausible but insufficient: no degree-lineage link to the candidate's degrees; name only 0.67 similar,yes
unresolved,1324.111,إدارة الجودة,25,20223,False,177.111,33.111|34.111|35.111|36.111|54.111,72.111,إدارة الجودة,1.0,True,2.0,3.0,False,False,False,True,False,557,20232,False,0.8979,False,True,name_exact|degree_lineage,credits|requirement_type|faculty|planned_level|predecessor_volume_collapse|temporal_complementarity|volume_continuity,86.111,إدارة المعرفة,0.72,73.111,إدارة الموارد البشرية,0.6667,plausible but insufficient: credits differ (2.0 -> 3.0); requirement type differs,yes
unresolved,108.111,بحوث ونظم المعلومات التسويقية,23,20232,True,7.111,7.111,121.111,نظم المعلومات الإدارية 1,0.6792,False,3.0,3.0,True,False,True,True,False,531,20232,False,1.5884,True,True,credits|faculty|degree_lineage|temporal_complementarity,name_exact|requirement_type|planned_level|predecessor_volume_collapse|volume_continuity,123.111,نظم المعلومات الإدارية 2,0.6792,419.111,أمن نظم المعلومات,0.6087,plausible but insufficient: requirement type differs; name only 0.68 similar; debut in 20232/20233 - censored,yes
likely_equivalent_needs_review,1165.111,مهارات التواصل,21,20221,False,167.111,26.111|27.111|29.111|30.111,439.111,مهارات تواصل,1.0,True,2.0,2.0,True,True,False,True,False,825,20233,False,0.378,False,True,name_exact|credits|requirement_type|degree_lineage,faculty|planned_level|predecessor_volume_collapse|temporal_complementarity|volume_continuity,1012.111,مهارات تواصل,1.0,662.111,مهارات التواصل,1.0,name similarity 1.00 with degree-lineage link; unmet for confirmation: no uncensored temporal/enrolment corroboration (predecessor still running at full volume),yes
genuinely_new,110.111,قنوات التوزيع,21,20223,False,7.111,7.111,,,,,,,,,,,,,,,,,,,,,,,,,,no TRAIN course reaches the plausibility bar on normalized name similarity in any degree,yes
unresolved,1243.111,اختبار البرمجيات,20,20233,True,167.111,26.111,420.111,هندسة البرمجيات  1,0.6061,False,3.0,3.0,True,True,False,True,True,39,20141,False,,True,False,credits|requirement_type|degree_lineage|planned_level|temporal_complementarity,name_exact|faculty|predecessor_volume_collapse|volume_continuity,532.111,هندسة البرمجيات,0.6452,436.111,لغات البرمجة,0.6429,plausible but insufficient: name only 0.61 similar; debut in 20232/20233 - censored,yes
unresolved,1273.111,أمن الشبكات والأمن السيبراني,20,20231,False,167.111,29.111,444.111,المنطق العائم والخوارزميات الوراثية,0.6032,False,3.0,3.0,True,True,False,False,False,4,,False,,False,False,credits|requirement_type,name_exact|faculty|degree_lineage|planned_level|predecessor_volume_collapse|temporal_complementarity|volume_continuity,,,,,,,plausible but insufficient: no degree-lineage link to the candidate's degrees; name only 0.60 similar,yes
unresolved,1240.111,تطوير تطبيقات الويب,18,20221,False,167.111,26.111,417.111,برمجة التطبيقات الشبكية,0.619,False,3.0,3.0,True,True,False,True,False,54,20133,False,,True,False,credits|requirement_type|degree_lineage|temporal_complementarity,name_exact|faculty|planned_level|predecessor_volume_collapse|volume_continuity,544.111,برمجة التطبيقات الشبكية,0.619,899.111,مقدمة في تطبيقات الحاسوب,0.6512,plausible but insufficient: name only 0.62 similar,yes
likely_equivalent_needs_review,1387.111,محاسبة متوسطة1,17,20231,False,177.111,36.111,4.111,محاسبة متوسطة I,0.9333,False,3.0,3.0,True,True,False,True,True,112,20233,False,2.6875,False,True,credits|requirement_type|degree_lineage|planned_level|volume_continuity,name_exact|faculty|predecessor_volume_collapse|temporal_complementarity,10.111,محاسبة متوسطة II,0.9032,16.111,المحاسبة الدولية,0.6667,name similarity 0.93 with degree-lineage link; unmet for confirmation: no uncensored temporal/enrolment corroboration (predecessor still running at full volume),yes
unresolved,1253.111,الميكانيك النظري,16,20231,False,167.111,30.111,837.111,ميكانيك - ديناميك,0.7407,False,3.0,3.0,True,True,False,True,False,268,20191,False,,True,False,credits|requirement_type|degree_lineage|temporal_complementarity,name_exact|faculty|planned_level|predecessor_volume_collapse|volume_continuity,1093.111,الامتحان الوطني,0.6452,678.111,الكيمياء السريرية,0.625,plausible but insufficient: name only 0.74 similar,yes
unresolved,114.111,التسويق الالكتروني,15,20232,True,7.111,7.111,23.111,التدقيق الداخلي,0.6667,False,3.0,3.0,True,True,True,False,True,84,20233,False,4.0,False,True,credits|requirement_type|faculty|planned_level|volume_continuity,name_exact|degree_lineage|predecessor_volume_collapse|temporal_complementarity,429.111,أسس الإلكترونيات,0.7647,55.111,المصارف الإلكترونية,0.7027,plausible but insufficient: no degree-lineage link to the candidate's degrees; name only 0.67 similar; debut in 20232/20233 - censored,yes
likely_equivalent_needs_review,1252.111,المتحكمات الصغرية والنظم المضمنة,14,20221,False,167.111,29.111|30.111|31.111,461.111,المتحكمات الصغرية والنظم المضمنة,1.0,True,3.0,3.0,True,False,False,True,False,177,20232,False,1.0893,False,True,name_exact|credits|degree_lineage,requirement_type|faculty|planned_level|predecessor_volume_collapse|temporal_complementarity|volume_continuity,511.111,المعالجات الصغرية ولغة التجميع,0.6452,1028.111,اللقاحات والمواد الممنعة,0.6071,"name similarity 1.00 with degree-lineage link; unmet for confirmation: requirement_type, no uncensored temporal/enrolment corroboration (predecessor still running at full volume)",yes
likely_equivalent_needs_review,1255.111,مدخل إلى الروبوتية,14,20222,False,167.111,27.111|30.111,445.111,مدخل إلى الروبوتية,1.0,True,3.0,3.0,True,True,False,True,False,3,,False,,False,False,name_exact|credits|requirement_type|degree_lineage,faculty|planned_level|predecessor_volume_collapse|temporal_complementarity|volume_continuity,491.111,الروبوتية,0.6667,968.111,مدخل الى الصيدلة,0.7647,name similarity 1.00 with degree-lineage link; unmet for confirmation: no uncensored temporal/enrolment corroboration (predecessor still running at full volume),yes
unresolved,1170.111,نماذج نضج البرمجيات,14,20233,True,167.111,26.111,421.111,هندسة البرمجيات 2,0.6111,False,3.0,3.0,True,True,False,True,True,31,20151,False,,True,False,credits|requirement_type|degree_lineage|planned_level|temporal_complementarity,name_exact|faculty|predecessor_volume_collapse|volume_continuity,532.111,هندسة البرمجيات,0.6471,420.111,هندسة البرمجيات  1,0.6111,plausible but insufficient: name only 0.61 similar; debut in 20232/20233 - censored,yes
unresolved,111.111,التسويق الدولي,14,20223,False,7.111,7.111,16.111,المحاسبة الدولية,0.6667,False,3.0,3.0,True,True,True,False,True,77,20232,False,4.25,False,True,credits|requirement_type|faculty|planned_level|volume_continuity,name_exact|degree_lineage|predecessor_volume_collapse|temporal_complementarity,60.111,المشتقات المالية,0.6,23.111,التدقيق الداخلي,0.7586,plausible but insufficient: no degree-lineage link to the candidate's degrees; name only 0.67 similar,yes
unresolved,1380.111,محاسبة تكاليف1,14,20231,False,177.111,36.111,7.111,محاسبة إدارية,0.6429,False,3.0,3.0,True,True,False,True,True,101,20231,False,2.4545,True,False,credits|requirement_type|degree_lineage|planned_level|temporal_complementarity|volume_continuity,name_exact|faculty|predecessor_volume_collapse,5.111,محاسبة تكاليفI,0.8966,16.111,المحاسبة الدولية,0.6667,plausible but insufficient: name only 0.64 similar,yes
likely_equivalent_needs_review,1271.111,برمجة التطبيقات الشبكية,13,20231,False,167.111,29.111,544.111,برمجة التطبيقات الشبكية,1.0,True,3.0,3.0,True,False,False,True,False,243,20232,False,1.2582,False,True,name_exact|credits|degree_lineage,requirement_type|faculty|planned_level|predecessor_volume_collapse|temporal_complementarity|volume_continuity,417.111,برمجة التطبيقات الشبكية,1.0,448.111,معالجة اللغات الطبيعية,0.6222,"name similarity 1.00 with degree-lineage link; unmet for confirmation: requirement_type, no uncensored temporal/enrolment corroboration (predecessor still running at full volume)",yes
unresolved,1207.111,الذكاء الصنعي المتقدم,12,20221,False,167.111,27.111,202.111,احصاء متقدم,0.6667,False,3.0,3.0,True,True,False,False,True,91,20161,False,0.0,True,False,credits|requirement_type|planned_level|temporal_complementarity|volume_continuity,name_exact|faculty|degree_lineage|predecessor_volume_collapse,412.111,مبادئ الذكاء الصنعي,0.6316,396.111,الذكاء الصنعي والشبكات العصبونية,0.6275,plausible but insufficient: no degree-lineage link to the candidate's degrees; name only 0.67 similar,yes
likely_equivalent_needs_review,1212.111,معالجة اللغات الطبيعية,12,20232,True,167.111,27.111,448.111,معالجة اللغات الطبيعية,1.0,True,3.0,3.0,True,False,False,True,False,1,,False,,False,False,name_exact|credits|degree_lineage,requirement_type|faculty|planned_level|predecessor_volume_collapse|temporal_complementarity|volume_continuity,417.111,برمجة التطبيقات الشبكية,0.6222,405.111,معالجات صغرية,0.6452,"name similarity 1.00 with degree-lineage link; unmet for confirmation: requirement_type, no uncensored temporal/enrolment corroboration (predecessor still running at full volume)",yes
unresolved,1267.111,بروتوكولات الشبكات الحاسوبية,11,20221,False,167.111,29.111,379.111,الشبكات الحاسوبية,0.7556,False,3.0,3.0,True,True,False,False,False,44,20142,False,,True,False,credits|requirement_type|temporal_complementarity,name_exact|faculty|degree_lineage|planned_level|predecessor_volume_collapse|volume_continuity,466.111,شبكات الحاسوب,0.6341,,,,plausible but insufficient: no degree-lineage link to the candidate's degrees; name only 0.76 similar,yes
unresolved,1242.111,تطوير تطبيقات الموبايل,11,20232,True,167.111,26.111,417.111,برمجة التطبيقات الشبكية,0.6222,False,3.0,3.0,True,True,False,True,False,54,20133,False,,True,False,credits|requirement_type|degree_lineage|temporal_complementarity,name_exact|faculty|planned_level|predecessor_volume_collapse|volume_continuity,544.111,برمجة التطبيقات الشبكية,0.6222,899.111,مقدمة في تطبيقات الحاسوب,0.6087,plausible but insufficient: name only 0.62 similar; debut in 20232/20233 - censored,yes
unresolved,115.111,التسويق الاستراتيجي,11,20231,False,7.111,7.111,84.111,إدارة استراتيجية,0.6452,False,3.0,3.0,True,True,True,False,False,177,20233,False,1.0083,False,True,credits|requirement_type|faculty,name_exact|degree_lineage|planned_level|predecessor_volume_collapse|temporal_complementarity|volume_continuity,200.111,ادارة استراتيجية,0.6452,153.111,التحليل الاقتصادي الجزئي,0.6047,plausible but insufficient: no degree-lineage link to the candidate's degrees; name only 0.65 similar,yes
unresolved,1206.111,النمذجة العددية,11,20232,True,167.111,27.111,16.111,المحاسبة الدولية,0.6452,False,3.0,3.0,True,True,False,False,True,77,20232,False,4.25,True,True,credits|requirement_type|planned_level|temporal_complementarity|volume_continuity,name_exact|faculty|degree_lineage|predecessor_volume_collapse,441.111,النظم الخبيرة,0.6429,59.111,المالية العامة,0.6207,plausible but insufficient: no degree-lineage link to the candidate's degrees; name only 0.65 similar; debut in 20232/20233 - censored,yes
likely_equivalent_needs_review,1214.111,النظم الخبيرة,11,20221,False,167.111,27.111,441.111,النظم الخبيرة,1.0,True,3.0,3.0,True,True,False,True,True,119,20232,False,1.331,False,True,name_exact|credits|requirement_type|degree_lineage|planned_level,faculty|predecessor_volume_collapse|temporal_complementarity|volume_continuity,563.111,علم الخلية,0.6957,898.111,النباتات الطبية,0.6429,name similarity 1.00 with degree-lineage link; unmet for confirmation: no uncensored temporal/enrolment corroboration (predecessor still running at full volume),yes
likely_equivalent_needs_review,1299.111,السلوك التنظيمي,11,20221,False,177.111,33.111|34.111,82.111,السلوك التنظيمي,1.0,True,3.0,3.0,True,True,False,True,False,144,20232,False,2.1143,False,True,name_exact|credits|requirement_type|degree_lineage,faculty|planned_level|predecessor_volume_collapse|temporal_complementarity|volume_continuity,89.111,نظريات التنظيم,0.6207,933.111,السلوك المهني,0.7857,name similarity 1.00 with degree-lineage link; unmet for confirmation: no uncensored temporal/enrolment corroboration (predecessor still running at full volume),yes
likely_equivalent_needs_review,1378.111,محاسبة المؤسسات المالية والمصرفية,11,20222,False,177.111,36.111|37.111,8.111,محاسبة المؤسسات المالية والمصرفية,1.0,True,3.0,3.0,True,True,False,True,True,152,20232,False,7.4583,False,True,name_exact|credits|requirement_type|degree_lineage|planned_level|volume_continuity,faculty|predecessor_volume_collapse|temporal_complementarity,52.111,ادارة التسويق في المؤسسات المالية والمصرفية,0.7632,12.111,محاسبة مالية خاصة,0.6957,name similarity 1.00 with degree-lineage link; unmet for confirmation: no uncensored temporal/enrolment corroboration (predecessor still running at full volume),yes
likely_equivalent_needs_review,1218.111,الدارات الإلكترونية2,10,20222,False,167.111,30.111|31.111,459.111,الدارات الإلكترونية 2,1.0,True,3.0,3.0,True,True,False,True,True,186,20232,False,0.9412,False,True,name_exact|credits|requirement_type|degree_lineage|planned_level,faculty|predecessor_volume_collapse|temporal_complementarity|volume_continuity,386.111,دارات الكترونية 2,0.9375,427.111,الدارات الكهربائية 1,0.6829,name similarity 1.00 with degree-lineage link; unmet for confirmation: no uncensored temporal/enrolment corroboration (predecessor still running at full volume),yes
unresolved,1275.111,إدارة الشبكات الحاسوبية,10,20232,True,167.111,27.111|29.111|30.111,466.111,شبكات الحاسوب,0.7333,False,3.0,3.0,True,True,False,True,False,548,20233,False,0.7071,False,True,credits|requirement_type|degree_lineage,name_exact|faculty|planned_level|predecessor_volume_collapse|temporal_complementarity|volume_continuity,453.111,الرؤية الحاسوبية,0.6452,65.111,ادارة العملات الاجنبية,0.7556,plausible but insufficient: name only 0.73 similar; debut in 20232/20233 - censored,yes
unresolved,447.111,الذكاء الصنعي المتقدم,10,20221,False,5.111,4.111,533.111,قواعد البيانات المتقدمة,0.6047,False,3.0,3.0,True,True,True,True,True,223,20233,False,3.9091,False,True,credits|requirement_type|faculty|degree_lineage|planned_level,name_exact|predecessor_volume_collapse|temporal_complementarity|volume_continuity,62.111,الادارة المالية المتقدمة,0.6818,202.111,احصاء متقدم,0.6667,plausible but insufficient: name only 0.60 similar,yes
likely_equivalent_needs_review,1343.111,أسواق العمل,10,20232,True,177.111,34.111,175.111,اسواق مالية,0.8,False,3.0,3.0,True,True,False,True,False,84,20132,False,,True,False,credits|requirement_type|degree_lineage|temporal_complementarity,name_exact|faculty|planned_level|predecessor_volume_collapse|volume_continuity,100.111,العلاقات العامة,0.6154,199.111,العلاقات العامة,0.6154,name similarity 0.80 with degree-lineage link; unmet for confirmation: uniqueness/corroboration,yes
unresolved,1213.111,مدخل إلى الرؤية الحاسوبية,9,20231,False,167.111,26.111|27.111,445.111,مدخل إلى الروبوتية,0.6977,False,3.0,3.0,True,True,False,True,False,3,,False,,False,False,credits|requirement_type|degree_lineage,name_exact|faculty|planned_level|predecessor_volume_collapse|temporal_complementarity|volume_continuity,377.111,معمارية الحاسبة 1,0.619,378.111,معمارية الحاسبة 2,0.619,plausible but insufficient: name only 0.70 similar,yes
unresolved,1340.111,أخلاقيات الاعمال,9,20221,False,177.111,34.111,100.111,العلاقات العامة,0.7097,False,3.0,3.0,True,True,False,True,True,193,20233,False,1.3516,False,True,credits|requirement_type|degree_lineage|planned_level,name_exact|faculty|predecessor_volume_collapse|temporal_complementarity|volume_continuity,80.111,الإدارة العامة,0.6,199.111,العلاقات العامة,0.7097,plausible but insufficient: name only 0.71 similar,yes
likely_equivalent_needs_review,1199.111,مشروع تخرج1,8,20232,True,167.111,26.111|27.111|30.111,539.111,مشروع التخرج 1,1.0,True,3.0,3.0,True,False,False,True,True,148,20232,False,1.7717,True,True,name_exact|credits|degree_lineage|planned_level|temporal_complementarity,requirement_type|faculty|predecessor_volume_collapse|volume_continuity,472.111,مشروع التخرج 1,1.0,488.111,مشروع التخرج 1,1.0,"name similarity 1.00 with degree-lineage link; unmet for confirmation: requirement_type, temporal corroboration censored by the VALID end date, ambiguous: a second candidate carries equal evidence",yes
unresolved,492.111,بنيان الحواسيب المتقدم,8,20231,False,5.111,5.111,510.111,بنيان الحواسيب,0.8,False,3.0,3.0,True,False,True,True,False,1165,20233,True,0.2362,False,True,credits|faculty|degree_lineage|predecessor_volume_collapse,name_exact|requirement_type|planned_level|temporal_complementarity|volume_continuity,62.111,الادارة المالية المتقدمة,0.6087,202.111,احصاء متقدم,0.6429,plausible but insufficient: requirement type differs; name only 0.80 similar,yes
likely_equivalent_needs_review,1318.111,إدارة التغيير,8,20221,False,177.111,33.111|34.111,81.111,إدارة التغيير,1.0,True,3.0,3.0,True,True,False,True,False,175,20232,False,1.8636,False,True,name_exact|credits|requirement_type|degree_lineage,faculty|planned_level|predecessor_volume_collapse|temporal_complementarity|volume_continuity,84.111,إدارة استراتيجية,0.6897,86.111,إدارة المعرفة,0.6923,name similarity 1.00 with degree-lineage link; unmet for confirmation: no uncensored temporal/enrolment corroboration (predecessor still running at full volume),yes
likely_equivalent_needs_review,1167.111,إدارة المؤسسات,7,20222,False,167.111,26.111|27.111|29.111,509.111,إدارة المؤسسات,1.0,True,2.0,2.0,True,True,False,True,False,461,20233,False,1.172,False,True,name_exact|credits|requirement_type|degree_lineage,faculty|planned_level|predecessor_volume_collapse|temporal_complementarity|volume_continuity,505.111,إدارة المشاريع,0.7143,877.111,الادارة الصناعية,0.6,name similarity 1.00 with degree-lineage link; unmet for confirmation: no uncensored temporal/enrolment corroboration (predecessor still running at full volume),yes
unresolved,1169.111,ضمان جودة البرمجيات,7,20232,True,167.111,26.111,537.111,ضمان جودة البرمجيات واختبارها,0.7917,False,3.0,3.0,True,True,False,True,True,162,20233,False,2.3293,False,True,credits|requirement_type|degree_lineage|planned_level,name_exact|faculty|predecessor_volume_collapse|temporal_complementarity|volume_continuity,422.111,هندسة البرمجيات 3,0.7222,532.111,هندسة البرمجيات,0.7647,plausible but insufficient: name only 0.79 similar; debut in 20232/20233 - censored,yes
unresolved,113.111,إدارة العلامة التجارية,7,20233,True,7.111,7.111,65.111,ادارة العملات الاجنبية,0.7727,False,3.0,3.0,True,True,True,False,True,38,20231,False,2.5,True,False,credits|requirement_type|faculty|planned_level|temporal_complementarity|volume_continuity,name_exact|degree_lineage|predecessor_volume_collapse,62.111,الادارة المالية المتقدمة,0.6522,73.111,إدارة الموارد البشرية,0.6977,plausible but insufficient: no degree-lineage link to the candidate's degrees; name only 0.77 similar; debut in 20232/20233 - censored,yes
unresolved,1208.111,تقانات إحصائية في علوم البيانات,7,20231,False,167.111,27.111,995.111,تقانة حيوية في الصيدلة,0.6038,False,2.0,3.0,False,True,False,False,False,1616,20233,False,1.1061,False,True,requirement_type,name_exact|credits|faculty|degree_lineage|planned_level|predecessor_volume_collapse|temporal_complementarity|volume_continuity,,,,,,,plausible but insufficient: no degree-lineage link to the candidate's degrees; credits differ (2.0 -> 3.0); name only 0.60 similar,yes
likely_equivalent_needs_review,1386.111,محاسبة مالية خاصة,7,20222,False,177.111,36.111,12.111,محاسبة مالية خاصة,1.0,True,3.0,3.0,True,True,False,True,True,103,20232,False,1.0909,False,True,name_exact|credits|requirement_type|degree_lineage|planned_level,faculty|predecessor_volume_collapse|temporal_complementarity|volume_continuity,8.111,محاسبة المؤسسات المالية والمصرفية,0.6957,16.111,المحاسبة الدولية,0.6897,name similarity 1.00 with degree-lineage link; unmet for confirmation: no uncensored temporal/enrolment corroboration (predecessor still running at full volume),yes
unresolved,1254.111,نظرية التحكم,6,20222,False,167.111,30.111,521.111,نظرية الحوسبة,0.72,False,3.0,3.0,True,True,False,True,False,483,20233,False,0.987,False,True,credits|requirement_type|degree_lineage,name_exact|faculty|planned_level|predecessor_volume_collapse|temporal_complementarity|volume_continuity,485.111,نظم التحكم الحديث,0.6207,487.111,نظم التحكم الرقمي,0.6207,plausible but insufficient: name only 0.72 similar,yes
likely_equivalent_needs_review,1403.111,معايير التدقيق الدولية,6,20222,False,177.111,36.111,20.111,معايير التدقيق الدولية,1.0,True,3.0,3.0,True,True,False,True,False,85,20232,False,2.625,False,True,name_exact|credits|requirement_type|degree_lineage,faculty|planned_level|predecessor_volume_collapse|temporal_complementarity|volume_continuity,23.111,التدقيق الداخلي,0.7027,44.111,مبادئ الإدارة المالية,0.6047,name similarity 1.00 with degree-lineage link; unmet for confirmation: no uncensored temporal/enrolment corroboration (predecessor still running at full volume),yes
likely_equivalent_needs_review,1418.111,نظم معلومات إدارة الموارد البشرية,6,20223,False,177.111,34.111,87.111,نظم المعلومات ومناهج البحث في إدارة الموارد البشرية,0.8056,False,3.0,3.0,True,True,False,True,True,147,20233,False,2.4348,False,True,credits|requirement_type|degree_lineage|planned_level,name_exact|faculty|predecessor_volume_collapse|temporal_complementarity|volume_continuity,88.111,الإطار القانوني والدولي لإدارة الموارد البشرية,0.6582,195.111,نظم المعلومات الادارية,0.766,name similarity 0.81 with degree-lineage link; unmet for confirmation: no uncensored temporal/enrolment corroboration (predecessor still running at full volume),yes
likely_equivalent_needs_review,1220.111,الدارات الكهربائية2,6,20231,False,167.111,31.111|49.111,428.111,الدارات الكهربائية 2,1.0,True,3.0,3.0,True,True,False,True,False,238,20232,False,0.8571,False,True,name_exact|credits|requirement_type|degree_lineage,faculty|planned_level|predecessor_volume_collapse|temporal_complementarity|volume_continuity,427.111,الدارات الكهربائية 1,0.95,459.111,الدارات الإلكترونية 2,0.7805,name similarity 1.00 with degree-lineage link; unmet for confirmation: no uncensored temporal/enrolment corroboration (predecessor still running at full volume),yes
unresolved,1257.111,الآلات الكهربائية,5,20231,False,167.111,30.111,465.111,نظرية الحقول الكهرطيسية,0.6,False,3.0,3.0,True,True,False,True,True,192,20232,True,0.3021,False,True,credits|requirement_type|degree_lineage|planned_level|predecessor_volume_collapse,name_exact|faculty|temporal_complementarity|volume_continuity,427.111,الدارات الكهربائية 1,0.8649,463.111,الاتصالات الرقمية,0.7059,plausible but insufficient: name only 0.60 similar,yes
unresolved,1260.111,التصميم بمساعدة الحاسوب,5,20221,False,167.111,30.111,380.111,البيانيات والرسم بمعونة الحاسب,0.6038,False,3.0,3.0,True,True,False,True,True,65,20102,False,,True,False,credits|requirement_type|degree_lineage|planned_level|temporal_complementarity,name_exact|faculty|predecessor_volume_collapse|volume_continuity,868.111,تصميم معدات حفر,0.6471,867.111,تصميم معدات الانتاج,0.619,plausible but insufficient: name only 0.60 similar,yes
unresolved,117.111,مشروع تخرج في التسويق,5,20232,True,7.111,7.111,25.111,مشروع  تخرج في المحاسبة والتدقيق,0.7308,False,4.0,4.0,True,True,True,False,True,70,20233,False,2.1667,False,True,credits|requirement_type|faculty|planned_level,name_exact|degree_lineage|predecessor_volume_collapse|temporal_complementarity|volume_continuity,96.111,مشروع تخرج في إدارة الموارد البشرية,0.6429,559.111,مشروع تخرج,0.6897,plausible but insufficient: no degree-lineage link to the candidate's degrees; name only 0.73 similar; debut in 20232/20233 - censored,yes
unresolved,1210.111,مدخل إلى التعلم العميق,5,20232,True,167.111,27.111,445.111,مدخل إلى الروبوتية,0.65,False,3.0,3.0,True,True,False,True,False,3,,False,,False,False,credits|requirement_type|degree_lineage,name_exact|faculty|planned_level|predecessor_volume_collapse|temporal_complementarity|volume_continuity,1019.111,مدخل الى القانون,0.6316,968.111,مدخل الى الصيدلة,0.6316,plausible but insufficient: name only 0.65 similar; debut in 20232/20233 - censored,yes
unresolved,1369.111,قانون العمل و اتفاقيات العمل الدولية,5,20223,False,177.111,34.111,61.111,العمليات المصرفية الدولية,0.6557,False,3.0,3.0,True,True,False,False,True,52,20232,False,2.2222,False,True,credits|requirement_type|planned_level,name_exact|faculty|degree_lineage|predecessor_volume_collapse|temporal_complementarity|volume_continuity,,,,,,,plausible but insufficient: no degree-lineage link to the candidate's degrees; name only 0.66 similar,yes
likely_equivalent_needs_review,1291.111,التدقيق الداخلي,5,20233,True,177.111,36.111,23.111,التدقيق الداخلي,1.0,True,3.0,3.0,True,True,False,True,True,84,20233,False,4.0,True,True,name_exact|credits|requirement_type|degree_lineage|planned_level|temporal_complementarity,faculty|predecessor_volume_collapse|volume_continuity,20.111,معايير التدقيق الدولية,0.7027,60.111,المشتقات المالية,0.6452,name similarity 1.00 with degree-lineage link; unmet for confirmation: temporal corroboration censored by the VALID end date,yes
genuinely_new,1363.111,حل المشكلات واتخاذ القرار,5,20231,False,177.111,33.111|34.111,,,,,,,,,,,,,,,,,,,,,,,,,,no TRAIN course reaches the plausibility bar on normalized name similarity in any degree,yes
unresolved,1258.111,النظم الروبوتية,4,20232,True,167.111,30.111,445.111,مدخل إلى الروبوتية,0.7273,False,3.0,3.0,True,True,False,True,False,3,,False,,False,False,credits|requirement_type|degree_lineage,name_exact|faculty|planned_level|predecessor_volume_collapse|temporal_complementarity|volume_continuity,441.111,النظم الخبيرة,0.7143,528.111,نظم التشغيل,0.6154,plausible but insufficient: name only 0.73 similar; debut in 20232/20233 - censored,yes
unresolved,1259.111,الميكانيك والآلات,4,20232,True,167.111,30.111,424.111,الأحصاء والأحتمالات,0.6286,False,3.0,3.0,True,True,False,True,False,148,20102,False,,True,False,credits|requirement_type|degree_lineage|temporal_complementarity,name_exact|faculty|planned_level|predecessor_volume_collapse|volume_continuity,837.111,ميكانيك - ديناميك,0.6,504.111,الإحصاء والاحتمالات,0.6286,plausible but insufficient: name only 0.63 similar; debut in 20232/20233 - censored,yes
unresolved,1268.111,برمجة نظم التشغيل,4,20231,False,167.111,29.111,528.111,نظم التشغيل,0.7857,False,3.0,3.0,True,True,False,True,False,183,20233,False,2.9062,False,True,credits|requirement_type|degree_lineage,name_exact|faculty|planned_level|predecessor_volume_collapse|temporal_complementarity|volume_continuity,535.111,نظم التشغيل الموزعة,0.6111,519.111,برمجة النظم,0.75,plausible but insufficient: name only 0.79 similar,yes
likely_equivalent_needs_review,1288.111,الإدارة المالية,4,20233,True,177.111,33.111|37.111,80.111,الإدارة العامة,0.8276,False,3.0,3.0,True,True,False,True,True,216,20232,False,1.4074,True,True,credits|requirement_type|degree_lineage|planned_level|temporal_complementarity,name_exact|faculty|predecessor_volume_collapse|volume_continuity,183.111,ادارة عامة,0.7619,81.111,إدارة التغيير,0.6429,name similarity 0.83 with degree-lineage link; unmet for confirmation: temporal corroboration censored by the VALID end date,yes
unresolved,1281.111,الاتصالات التسويقية المتكاملة,4,20232,True,177.111,35.111,462.111,الاتصالات التماثلية,0.625,False,3.0,3.0,True,True,False,False,True,214,20232,False,0.383,True,True,credits|requirement_type|planned_level|temporal_complementarity,name_exact|faculty|degree_lineage|predecessor_volume_collapse|volume_continuity,463.111,الاتصالات الرقمية,0.6522,94.111,السكان واقتصاديات أسواق العمل,0.6207,plausible but insufficient: no degree-lineage link to the candidate's degrees; name only 0.62 similar; debut in 20232/20233 - censored,yes
unresolved,1314.111,إدارة الأعمال الدولية,4,20232,True,177.111,33.111|35.111,197.111,ادارة المؤسسات المالية,0.6857,False,3.0,3.0,True,True,False,True,False,74,20162,False,,True,False,credits|requirement_type|degree_lineage|temporal_complementarity,name_exact|faculty|planned_level|predecessor_volume_collapse|volume_continuity,80.111,الإدارة العامة,0.6667,183.111,ادارة عامة,0.6667,plausible but insufficient: name only 0.69 similar; debut in 20232/20233 - censored,yes
unresolved,1301.111,القيادة الإدارية,4,20231,False,177.111,34.111,167.111,تنمية ادارية,0.75,False,3.0,3.0,True,True,False,True,False,94,20162,False,0.0,True,False,credits|requirement_type|degree_lineage|temporal_complementarity|volume_continuity,name_exact|faculty|planned_level|predecessor_volume_collapse,196.111,محاسبة ادارية,0.72,78.111,تطوير المهارات الإدارية,0.6154,plausible but insufficient: name only 0.75 similar,yes
unresolved,1209.111,مدخل إلى البيانات الكبيرة,3,20232,True,167.111,27.111,445.111,مدخل إلى الروبوتية,0.6512,False,3.0,3.0,True,True,False,True,False,3,,False,,False,False,credits|requirement_type|degree_lineage,name_exact|faculty|planned_level|predecessor_volume_collapse|temporal_complementarity|volume_continuity,396.111,الذكاء الصنعي والشبكات العصبونية,0.6071,481.111,التجهيزات والقياسات الكهربائية,0.6182,plausible but insufficient: name only 0.65 similar; debut in 20232/20233 - censored,yes
unresolved,1389.111,مشتقات مالية,3,20233,True,177.111,37.111,60.111,المشتقات المالية,1.0,True,3.0,3.0,True,False,False,False,False,47,20233,False,4.125,True,True,name_exact|credits|temporal_complementarity|volume_continuity,requirement_type|faculty|degree_lineage|planned_level|predecessor_volume_collapse,473.111,الاتصالات الساتلية,0.6154,462.111,الاتصالات التماثلية,0.6667,plausible but insufficient: no degree-lineage link to the candidate's degrees; requirement type differs; debut in 20232/20233 - censored,yes
unresolved,1326.111,إدارة العمليات المصرفية,3,20232,True,177.111,37.111,197.111,ادارة المؤسسات المالية,0.7556,False,3.0,3.0,True,True,False,False,True,74,20162,False,,True,False,credits|requirement_type|planned_level|temporal_complementarity,name_exact|faculty|degree_lineage|predecessor_volume_collapse|volume_continuity,66.111,ادارة المخاطر المالية والمصرفية,0.7407,73.111,إدارة الموارد البشرية,0.7273,plausible but insufficient: no degree-lineage link to the candidate's degrees; name only 0.76 similar; debut in 20232/20233 - censored,yes
unresolved,1336.111,إدارة عمليات التأمين,3,20232,True,177.111,37.111,54.111,ادارة عمليات التامين,1.0,True,3.0,3.0,True,True,False,False,True,62,20232,False,,True,True,name_exact|credits|requirement_type|planned_level|temporal_complementarity,faculty|degree_lineage|predecessor_volume_collapse|volume_continuity,56.111,ادارة الاستثمار والتمويل,0.6364,197.111,ادارة المؤسسات المالية,0.6667,plausible but insufficient: no degree-lineage link to the candidate's degrees; debut in 20232/20233 - censored,yes
unresolved,1366.111,رياضيات مالية,3,20232,True,177.111,37.111,51.111,رياضيات مالية,1.0,True,3.0,3.0,True,True,False,False,True,59,20233,False,2.5833,False,True,name_exact|credits|requirement_type|planned_level,faculty|degree_lineage|predecessor_volume_collapse|temporal_complementarity|volume_continuity,166.111,رياضيات مالية,1.0,118.111,رياضيات الأعمال,0.8462,plausible but insufficient: no degree-lineage link to the candidate's degrees; debut in 20232/20233 - censored,yes
unresolved,1367.111,سلوك المستهلك,3,20233,True,177.111,35.111,933.111,السلوك المهني,0.7,False,2.0,3.0,False,False,False,False,False,1,,False,,False,False,,name_exact|credits|requirement_type|faculty|degree_lineage|planned_level|predecessor_volume_collapse|temporal_complementarity|volume_continuity,,,,,,,plausible but insufficient: no degree-lineage link to the candidate's degrees; credits differ (2.0 -> 3.0); requirement type differs; name only 0.70 similar; debut in 20232/20233 - censored,yes
likely_equivalent_needs_review,1284.111,الإدارة الاستراتيجية,3,20233,True,177.111,33.111|35.111,84.111,إدارة استراتيجية,1.0,True,3.0,3.0,True,True,False,True,False,177,20233,False,1.0083,True,True,name_exact|credits|requirement_type|degree_lineage|temporal_complementarity,faculty|planned_level|predecessor_volume_collapse|volume_continuity,200.111,ادارة استراتيجية,1.0,80.111,الإدارة العامة,0.7059,name similarity 1.00 with degree-lineage link; unmet for confirmation: temporal corroboration censored by the VALID end date,yes
likely_equivalent_needs_review,1339.111,إنكليزي الأعمال,3,20233,True,177.111,34.111,74.111,إنكليزي الأعمال,1.0,True,3.0,3.0,True,False,False,True,False,178,20222,True,0.2292,True,False,name_exact|credits|degree_lineage|predecessor_volume_collapse|temporal_complementarity,requirement_type|faculty|planned_level|volume_continuity,118.111,رياضيات الأعمال,0.6667,214.111,الكيمياء العامة,0.6207,name similarity 1.00 with degree-lineage link; unmet for confirmation: requirement_type,yes
likely_equivalent_needs_review,1430.111,اللغة الانكليزية - 3,3,20231,False,2.111,41.111,1015.111,اللغة الانكليزية 3,1.0,True,2.0,2.0,True,True,True,True,False,912,20232,False,1.0426,False,True,name_exact|credits|requirement_type|faculty|degree_lineage,planned_level|predecessor_volume_collapse|temporal_complementarity|volume_continuity,194.111,لغة انكليزية 3,1.0,847.111,اللغة الانكليزية - 3,1.0,name similarity 1.00 with degree-lineage link; unmet for confirmation: no uncensored temporal/enrolment corroboration (predecessor still running at full volume),yes
genuinely_new,1276.111,كشف التطفل وإدارة الاختراقات,2,20232,True,167.111,29.111,,,,,,,,,,,,,,,,,,,,,,,,,,no TRAIN course reaches the plausibility bar on normalized name similarity in any degree,yes
unresolved,1321.111,إدارة التفاوض في التسويق,2,20232,True,177.111,35.111,56.111,ادارة الاستثمار والتمويل,0.6667,False,3.0,3.0,True,True,False,False,False,53,20231,False,1.7857,True,False,credits|requirement_type|temporal_complementarity,name_exact|faculty|degree_lineage|planned_level|predecessor_volume_collapse|volume_continuity,92.111,إدارة التفاوض,0.7097,62.111,الادارة المالية المتقدمة,0.625,plausible but insufficient: no degree-lineage link to the candidate's degrees; name only 0.67 similar; debut in 20232/20233 - censored,yes
unresolved,1325.111,إدارة العلاقة مع الزبائن,2,20232,True,177.111,35.111,54.111,ادارة عمليات التامين,0.6842,False,3.0,3.0,True,True,False,False,True,62,20232,False,,True,True,credits|requirement_type|planned_level|temporal_complementarity,name_exact|faculty|degree_lineage|predecessor_volume_collapse|volume_continuity,197.111,ادارة المؤسسات المالية,0.6087,80.111,الإدارة العامة,0.6,plausible but insufficient: no degree-lineage link to the candidate's degrees; name only 0.68 similar; debut in 20232/20233 - censored,yes
unresolved,1300.111,العلاقات العامة,2,20233,True,177.111,35.111,100.111,العلاقات العامة,1.0,True,3.0,3.0,True,True,False,False,True,193,20233,False,1.3516,True,True,name_exact|credits|requirement_type|planned_level|temporal_complementarity,faculty|degree_lineage|predecessor_volume_collapse|volume_continuity,199.111,العلاقات العامة,1.0,80.111,الإدارة العامة,0.7586,plausible but insufficient: no degree-lineage link to the candidate's degrees; debut in 20232/20233 - censored,yes
unresolved,1419.111,نقود ومصارف,2,20232,True,177.111,33.111,49.111,نقود ومصارف,1.0,True,3.0,3.0,True,True,False,False,True,48,20232,False,5.3333,True,True,name_exact|credits|requirement_type|planned_level|temporal_complementarity,faculty|degree_lineage|predecessor_volume_collapse|volume_continuity,168.111,نقود ومصارف,1.0,,,,plausible but insufficient: no degree-lineage link to the candidate's degrees; debut in 20232/20233 - censored,yes
unresolved,1306.111,المصارف الاسلامية,2,20233,True,177.111,37.111,53.111,المصارف الاسلامية,1.0,True,3.0,3.0,True,True,False,False,True,55,20233,False,1.2778,True,True,name_exact|credits|requirement_type|planned_level|temporal_complementarity,faculty|degree_lineage|predecessor_volume_collapse|volume_continuity,55.111,المصارف الإلكترونية,0.7778,462.111,الاتصالات التماثلية,0.6111,plausible but insufficient: no degree-lineage link to the candidate's degrees; debut in 20232/20233 - censored,yes
likely_equivalent_needs_review,1431.111,لغة أجنبية حية ثانية - فرنسية,2,20231,False,2.111,41.111|44.111,1017.111,لغة اجنبية حية (ثانية),0.8511,False,2.0,2.0,True,True,False,True,False,1752,20231,True,0.2305,True,False,credits|requirement_type|degree_lineage|predecessor_volume_collapse|temporal_complementarity,name_exact|faculty|planned_level|volume_continuity,1038.111,لغة اجنبية حية ثانية_المانية أو روسية,0.8065,,,,name similarity 0.85 with degree-lineage link; unmet for confirmation: uniqueness/corroboration,yes
genuinely_new,1256.111,الحساسات والتحسس,1,20233,True,167.111,30.111,,,,,,,,,,,,,,,,,,,,,,,,,,no TRAIN course reaches the plausibility bar on normalized name similarity in any degree,yes
likely_equivalent_needs_review,1277.111,نظم الزمن الحقيقي,1,20232,True,167.111,29.111,536.111,نظم الزمن الحقيقي,1.0,True,3.0,3.0,True,False,False,True,True,353,20233,False,1.2374,False,True,name_exact|credits|degree_lineage|planned_level,requirement_type|faculty|predecessor_volume_collapse|temporal_complementarity|volume_continuity,485.111,نظم التحكم الحديث,0.7059,487.111,نظم التحكم الرقمي,0.7059,"name similarity 1.00 with degree-lineage link; unmet for confirmation: requirement_type, no uncensored temporal/enrolment corroboration (predecessor still running at full volume)",yes
unresolved,1330.111,إدارة المشتريات,1,20233,True,177.111,35.111,81.111,إدارة التغيير,0.7143,False,3.0,3.0,True,True,False,False,True,175,20232,False,1.8636,True,True,credits|requirement_type|planned_level|temporal_complementarity,name_exact|faculty|degree_lineage|predecessor_volume_collapse|volume_continuity,183.111,ادارة عامة,0.64,80.111,الإدارة العامة,0.6207,plausible but insufficient: no degree-lineage link to the candidate's degrees; name only 0.71 similar; debut in 20232/20233 - censored,yes
unresolved,1407.111,مهارات الدخول إلى سوق العمل,1,20233,True,177.111,33.111,150.111,مهارات الحاسوب 1,0.6047,False,3.0,3.0,True,False,False,True,True,192,20111,False,,True,False,credits|degree_lineage|planned_level|temporal_complementarity,name_exact|requirement_type|faculty|predecessor_volume_collapse|volume_continuity,97.111,مدخل إلى التسويق,0.6061,173.111,مهارات الحاسوب 2,0.6047,plausible but insufficient: requirement type differs; name only 0.60 similar; debut in 20232/20233 - censored,yes
likely_equivalent_needs_review,1285.111,الإدارة الاستراتيجية للموارد البشرية,1,20221,False,177.111,34.111,93.111,الإدارة الإستراتيجية للموارد البشرية,1.0,True,3.0,3.0,True,True,False,True,True,156,20233,False,0.8269,False,True,name_exact|credits|requirement_type|degree_lineage|planned_level,faculty|predecessor_volume_collapse|temporal_complementarity|volume_continuity,84.111,إدارة استراتيجية,0.6957,79.111,تنمية الموارد البشرية,0.6383,name similarity 1.00 with degree-lineage link; unmet for confirmation: no uncensored temporal/enrolment corroboration (predecessor still running at full volume),yes
genuinely_new,1290.111,التدريب والتطوير,1,20231,False,177.111,34.111,,,,,,,,,,,,,,,,,,,,,,,,,,no TRAIN course reaches the plausibility bar on normalized name similarity in any degree,yes
unresolved,1320.111,إدارة التفاوض في الموارد البشرية,1,20232,True,177.111,34.111,93.111,الإدارة الإستراتيجية للموارد البشرية,0.7353,False,3.0,3.0,True,True,False,True,True,156,20233,False,0.8269,False,True,credits|requirement_type|degree_lineage|planned_level,name_exact|faculty|predecessor_volume_collapse|temporal_complementarity|volume_continuity,79.111,تنمية الموارد البشرية,0.6415,197.111,ادارة المؤسسات المالية,0.6296,plausible but insufficient: name only 0.74 similar; debut in 20232/20233 - censored,yes
likely_equivalent_needs_review,1364.111,ريادة الاعمال وإدارة المشروعات الصغيرة,1,20231,False,177.111,34.111,29.111,مدخل إلى الريادة وإدارة المشروعات الصغيرة,0.8,False,3.0,3.0,True,True,False,True,True,170,20232,False,0.9746,False,True,credits|requirement_type|degree_lineage|planned_level,name_exact|faculty|predecessor_volume_collapse|temporal_complementarity|volume_continuity,192.111,ادارة مشاريع اقتصادية صغيرة,0.6102,44.111,مبادئ الإدارة المالية,0.6102,name similarity 0.80 with degree-lineage link; unmet for confirmation: no uncensored temporal/enrolment corroboration (predecessor still running at full volume),yes
likely_equivalent_needs_review,1394.111,مشروع التدريب المهني في إدارة الموارد البشرية,1,20232,True,177.111,34.111,96.111,مشروع تخرج في إدارة الموارد البشرية,0.8529,False,4.0,4.0,True,True,False,True,False,118,20233,False,1.96,False,True,credits|requirement_type|degree_lineage,name_exact|faculty|planned_level|predecessor_volume_collapse|temporal_complementarity|volume_continuity,88.111,الإطار القانوني والدولي لإدارة الموارد البشرية,0.6813,87.111,نظم المعلومات ومناهج البحث في إدارة الموارد البشرية,0.6458,name similarity 0.85 with degree-lineage link; unmet for confirmation: no uncensored temporal/enrolment corroboration (predecessor still running at full volume),yes
likely_equivalent_needs_review,1304.111,المحاسبة الدولية,1,20232,True,177.111,36.111,16.111,المحاسبة الدولية,1.0,True,3.0,3.0,True,True,False,True,False,77,20232,False,4.25,True,True,name_exact|credits|requirement_type|degree_lineage|temporal_complementarity,faculty|planned_level|predecessor_volume_collapse|volume_continuity,12.111,محاسبة مالية خاصة,0.6897,7.111,محاسبة إدارية,0.8,name similarity 1.00 with degree-lineage link; unmet for confirmation: temporal corroboration censored by the VALID end date,yes
confirmed_equivalent,1305.111,المحاسبة الضريبية,1,20231,False,177.111,36.111,15.111,المحاسبة الضريبية,1.0,True,3.0,3.0,True,True,False,True,False,117,20231,False,1.3514,True,False,name_exact|credits|requirement_type|degree_lineage|temporal_complementarity,faculty|planned_level|predecessor_volume_collapse|volume_continuity,16.111,المحاسبة الدولية,0.7879,7.111,محاسبة إدارية,0.7692,"exact normalized name, equal credits (3.0) and requirement type, degree-lineage link, and predecessor last active 20231 <= debut 20231",yes
confirmed_equivalent,1379.111,محاسبة إدارية,1,20231,False,177.111,36.111,7.111,محاسبة إدارية,1.0,True,3.0,3.0,True,True,False,True,True,101,20231,False,2.4545,True,False,name_exact|credits|requirement_type|degree_lineage|planned_level|temporal_complementarity,faculty|predecessor_volume_collapse|volume_continuity,196.111,محاسبة ادارية,1.0,167.111,تنمية ادارية,0.72,"exact normalized name, equal credits (3.0) and requirement type, degree-lineage link, and predecessor last active 20231 <= debut 20231",yes
likely_equivalent_needs_review,1381.111,محاسبة تكاليف2,1,20232,True,177.111,36.111,11.111,محاسبة تكاليف II,0.9032,False,3.0,3.0,True,True,False,True,True,112,20232,False,2.1042,True,True,credits|requirement_type|degree_lineage|planned_level|temporal_complementarity,name_exact|faculty|predecessor_volume_collapse|volume_continuity,15.111,المحاسبة الضريبية,0.625,22.111,محاسبة شركات الأموال,0.6061,name similarity 0.90 with degree-lineage link; unmet for confirmation: temporal corroboration censored by the VALID end date,yes
likely_equivalent_needs_review,1382.111,محاسبة توحيد الأعمال,1,20223,False,177.111,36.111,17.111,محاسبة توحيد الأعمال,1.0,True,3.0,3.0,True,True,False,True,False,95,20231,False,2.1667,False,False,name_exact|credits|requirement_type|degree_lineage,faculty|planned_level|predecessor_volume_collapse|temporal_complementarity|volume_continuity,22.111,محاسبة شركات الأموال,0.75,5.111,محاسبة تكاليفI,0.625,name similarity 1.00 with degree-lineage link; unmet for confirmation: no uncensored temporal/enrolment corroboration (predecessor still running at full volume),yes
likely_equivalent_needs_review,1383.111,محاسبة حكومية ومؤسسات غير ربحية,1,20223,False,177.111,36.111,6.111,محاسبة حكومية  ومؤسسات غير ربحية,1.0,True,3.0,3.0,True,True,False,True,True,111,20232,False,1.8966,False,True,name_exact|credits|requirement_type|degree_lineage|planned_level,faculty|predecessor_volume_collapse|temporal_complementarity|volume_continuity,190.111,محاسبة مؤسسات مالية,0.64,,,,name similarity 1.00 with degree-lineage link; unmet for confirmation: no uncensored temporal/enrolment corroboration (predecessor still running at full volume),yes
likely_equivalent_needs_review,1388.111,محاسبة متوسطة2,1,20232,True,177.111,36.111,10.111,محاسبة متوسطة II,0.9032,False,3.0,3.0,True,True,False,True,True,109,20232,False,2.8333,True,True,credits|requirement_type|degree_lineage|planned_level|temporal_complementarity,name_exact|faculty|predecessor_volume_collapse|volume_continuity,4.111,محاسبة متوسطة I,0.9333,174.111,محاسبة شركات 2,0.6897,name similarity 0.90 with degree-lineage link; unmet for confirmation: temporal corroboration censored by the VALID end date,yes
likely_equivalent_needs_review,1398.111,مشروع تخرج في المحاسبة والتدقيق,1,20233,True,177.111,36.111,25.111,مشروع  تخرج في المحاسبة والتدقيق,1.0,True,4.0,4.0,True,True,False,True,True,70,20233,False,2.1667,True,True,name_exact|credits|requirement_type|degree_lineage|planned_level|temporal_complementarity,faculty|predecessor_volume_collapse|volume_continuity,96.111,مشروع تخرج في إدارة الموارد البشرية,0.7,69.111,مشروع تخرج في إدارة المؤسسات المالية والمصرفية,0.6234,name similarity 1.00 with degree-lineage link; unmet for confirmation: temporal corroboration censored by the VALID end date,yes
likely_equivalent_needs_review,1402.111,مشكلات محاسبية معاصرة,1,20232,True,177.111,36.111,18.111,مشكلات محاسبية معاصرة,1.0,True,3.0,3.0,True,True,False,True,False,104,20232,False,2.24,True,True,name_exact|credits|requirement_type|degree_lineage|temporal_complementarity,faculty|planned_level|predecessor_volume_collapse|volume_continuity,63.111,مشكلات مالية ونقدية معاصرة,0.766,379.111,الشبكات الحاسوبية,0.6471,name similarity 1.00 with degree-lineage link; unmet for confirmation: temporal corroboration censored by the VALID end date,yes
likely_equivalent_needs_review,1224.111,الاتصالات الرقمية,1,20232,True,167.111,49.111,463.111,الاتصالات الرقمية,1.0,True,3.0,3.0,True,True,False,True,False,168,20233,False,1.6087,False,True,name_exact|credits|requirement_type|degree_lineage,faculty|planned_level|predecessor_volume_collapse|temporal_complementarity|volume_continuity,871.111,الاستخلاص المعزز,0.6061,462.111,الاتصالات التماثلية,0.8333,name similarity 1.00 with degree-lineage link; unmet for confirmation: no uncensored temporal/enrolment corroboration (predecessor still running at full volume),yes
likely_equivalent_needs_review,1231.111,الاتصالات النقالة واللاسلكية,1,20233,True,167.111,49.111,474.111,الاتصالات النقالة واللاسلكية,1.0,True,3.0,3.0,True,False,False,True,True,206,20233,False,1.7317,True,True,name_exact|credits|degree_lineage|planned_level|temporal_complementarity,requirement_type|faculty|predecessor_volume_collapse|volume_continuity,462.111,الاتصالات التماثلية,0.6809,463.111,الاتصالات الرقمية,0.6667,"name similarity 1.00 with degree-lineage link; unmet for confirmation: requirement_type, temporal corroboration censored by the VALID end date",yes
likely_equivalent_needs_review,1433.111,لغة أجنبية حية ثانية - ألمانية,1,20232,True,2.111,41.111,1017.111,لغة اجنبية حية (ثانية),0.8696,False,2.0,2.0,True,True,False,True,False,1752,20231,True,0.2305,True,False,credits|requirement_type|degree_lineage|predecessor_volume_collapse|temporal_complementarity,name_exact|faculty|planned_level|volume_continuity,1038.111,لغة اجنبية حية ثانية_المانية أو روسية,0.8615,,,,name similarity 0.87 with degree-lineage link; unmet for confirmation: uniqueness/corroboration,yes
